No;Filename;Area;Centroid1;Centroid2;MajorAxisLength;MinorAxisLength;CircularShapeFactor;ElongationA;ElongationB;Roundness;Convex Defficiency;Eccentricity;Perimeter;MeanIntensity;MinIntensity;MaxIntensity
1;B-11704-x40-06.tif;631;231.641838;508.973059;26.292234;31.658377;1.176907;1.204096;0.830498;0.801608;51.000000;0.557021;96.603000;229.727417;191;255
2;B-11704-x40-06.tif;1316;1067.704407;235.818389;43.094798;43.557515;2.378855;1.010737;0.989377;0.883161;226.000000;0.145373;198.343000;218.142097;177;255
3;B-11704-x40-06.tif;864;1094.854167;191.333333;27.679805;41.740459;1.186668;1.507975;0.663141;0.631407;44.000000;0.748495;113.508000;212.019676;156;255
4;B-11704-x40-06.tif;758;1133.437995;246.277045;25.262900;38.352165;1.029338;1.518122;0.658709;0.656145;15.000000;0.752398;99.019000;213.306069;178;255
