No;Filename;Area;Centroid1;Centroid2;MajorAxisLength;MinorAxisLength;CircularShapeFactor;ElongationA;ElongationB;Roundness;Convex Defficiency;Eccentricity;Perimeter;MeanIntensity;MinIntensity;MaxIntensity
1;F-11069-x40-07.tif;1271;353.220299;368.312352;35.447803;45.767959;1.003091;1.291137;0.774511;0.772561;33.000000;0.632560;126.575000;183.011802;147;221
2;F-11069-x40-07.tif;1649;622.830200;527.233475;39.271126;54.323445;1.229729;1.383292;0.722913;0.711469;64.000000;0.690939;159.632000;180.215888;129;228
3;F-11069-x40-07.tif;817;742.670747;509.881273;26.165515;40.390008;1.096083;1.543635;0.647821;0.637653;33.000000;0.761792;106.081000;172.209302;109;224
4;F-11069-x40-07.tif;302;996.082781;220.850993;14.855374;27.150972;1.335093;1.827687;0.547140;0.521610;31.000000;0.837041;71.181000;202.125828;190;217
