No;Filename;Area;Centroid1;Centroid2;MajorAxisLength;MinorAxisLength;CircularShapeFactor;ElongationA;ElongationB;Roundness;Convex Defficiency;Eccentricity;Perimeter;MeanIntensity;MinIntensity;MaxIntensity
1;M-11940-x40-07.tif;1744;163.522362;782.620986;44.516673;60.439009;2.226967;1.357671;0.736555;0.607886;430.000000;0.676377;220.920000;118.616972;111;127
2;M-11940-x40-07.tif;1464;314.258197;577.879781;28.036960;70.512235;1.577647;2.514974;0.397618;0.374906;160.000000;0.917551;170.365000;118.955601;112;127
3;M-11940-x40-07.tif;1077;367.129991;697.344475;32.777860;44.480829;1.308973;1.357039;0.736899;0.693075;142.000000;0.676003;133.100000;118.677809;112;136
4;M-11940-x40-07.tif;1246;364.946228;653.947030;34.000848;52.844553;1.620521;1.554213;0.643413;0.568104;224.000000;0.765520;159.291000;119.096308;111;127
5;M-11940-x40-07.tif;757;1148.307794;413.165125;25.823585;39.127367;1.215835;1.515180;0.659988;0.629571;57.000000;0.751276;107.545000;119.598415;115;127
6;M-11940-x40-07.tif;327;1164.535168;429.847095;17.906164;23.643955;1.052236;1.320437;0.757325;0.744762;18.000000;0.653038;65.756000;120.577982;119;124
7;M-11940-x40-07.tif;743;1358.703903;255.063257;28.141179;38.586508;1.411465;1.371176;0.729301;0.635372;103.000000;0.684193;114.798000;120.176312;116;126
8;M-11940-x40-07.tif;978;1449.356851;675.356851;30.368579;42.441510;1.165725;1.397547;0.715540;0.691301;63.000000;0.698572;119.694000;118.865031;113;132
9;M-11940-x40-07.tif;872;1485.189220;347.346330;23.277643;49.438641;1.308348;2.123868;0.470839;0.454249;60.000000;0.882219;119.736000;119.100917;113;135
