No;Filename;Area;Centroid1;Centroid2;MajorAxisLength;MinorAxisLength;CircularShapeFactor;ElongationA;ElongationB;Roundness;Convex Defficiency;Eccentricity;Perimeter;MeanIntensity;MinIntensity;MaxIntensity
1;F-10917-x40-02.tif;815;1228.716564;136.755828;32.021059;36.557401;1.474499;1.141667;0.875912;0.776456;149.000000;0.482471;122.887000;0.603322;2.393223e-01;7.750370e-01
2;F-10917-x40-02.tif;964;1357.078838;87.442946;27.180730;48.576127;1.349804;1.787153;0.559549;0.520165;126.000000;0.828797;127.873000;0.567031;2.744629e-01;7.107411e-01
3;F-10917-x40-02.tif;1021;1383.194907;165.784525;30.482257;44.534804;1.293977;1.461007;0.684459;0.655446;99.000000;0.729051;128.849000;0.621962;2.244898e-01;7.849373e-01
4;F-10917-x40-02.tif;729;1421.246914;104.883402;27.920338;36.646868;1.337407;1.312551;0.761875;0.691137;69.000000;0.647724;110.688000;0.554845;8.522960e-03;7.515259e-01
5;F-10917-x40-02.tif;965;1416.567876;163.279793;30.777165;41.383344;1.474360;1.344612;0.743709;0.717441;86.000000;0.668504;133.712000;0.549892;3.476581e-01;7.403491e-01
