No;Filename;Area;Centroid1;Centroid2;MajorAxisLength;MinorAxisLength;CircularShapeFactor;ElongationA;ElongationB;Roundness;Convex Defficiency;Eccentricity;Perimeter;MeanIntensity;MinIntensity;MaxIntensity
1;F-10917-x40-02.tif;810;1228.806173;136.850617;31.664633;36.385695;1.363522;1.149096;0.870249;0.778993;127.000000;0.492611;117.809000;0.420465;2.828129e-01;6.732692e-01
2;F-10917-x40-02.tif;869;1382.326812;166.516686;27.094104;42.046330;1.174525;1.551863;0.644387;0.625855;60.000000;0.764700;113.252000;0.436862;3.235030e-01;7.955537e-01
