No;Filename;Area;Centroid1;Centroid2;MajorAxisLength;MinorAxisLength;CircularShapeFactor;ElongationA;ElongationB;Roundness;Convex Defficiency;Eccentricity;Perimeter;MeanIntensity;MinIntensity;MaxIntensity
1;F-10968-x40-03.tif;1633;507.816901;403.698102;42.046225;51.283090;1.210826;1.219684;0.819885;0.790584;146.000000;0.572529;157.630000;0.532778;3.354840e-01;6.858322e-01
2;F-10968-x40-03.tif;332;796.789157;379.042169;15.146166;32.444059;1.600265;2.142064;0.466839;0.401585;57.000000;0.884342;81.709000;0.534186;4.299722e-01;6.517144e-01
3;F-10968-x40-03.tif;966;898.387164;428.726708;31.901397;62.605732;3.068511;1.962476;0.509560;0.313804;560.000000;0.860435;193.000000;0.501052;3.489115e-01;5.918082e-01
4;F-10968-x40-03.tif;411;893.420925;461.128954;19.918533;27.069979;1.166379;1.359035;0.735816;0.714128;41.000000;0.677181;77.615000;0.493573;3.712566e-01;5.914085e-01
