No;Filename;Area;Centroid1;Centroid2;MajorAxisLength;MinorAxisLength;CircularShapeFactor;ElongationA;ElongationB;Roundness;Convex Defficiency;Eccentricity;Perimeter;MeanIntensity;MinIntensity;MaxIntensity
1;F-11069-x40-07.tif;1274;660.309262;457.467033;34.029058;53.287726;1.798700;1.565948;0.638591;0.571249;302.000000;0.769546;169.695000;0.464812;3.037551e-01;8.656864e-01
2;F-11069-x40-07.tif;367;853.664850;499.051771;22.068927;26.675187;1.720850;1.208722;0.827320;0.656691;91.000000;0.561730;89.086000;0.505775;2.920391e-01;8.741417e-01
3;F-11069-x40-07.tif;2046;900.775660;368.151026;36.933794;89.000639;3.777479;2.409735;0.414983;0.328874;794.000000;0.909829;311.644000;0.514623;2.930602e-01;9.107784e-01
4;F-11069-x40-07.tif;343;886.291545;324.215743;15.353045;47.243250;3.484641;3.077126;0.324979;0.195670;239.000000;0.945721;122.555000;0.501693;2.784858e-01;8.074551e-01
5;F-11069-x40-07.tif;2533;912.574812;439.987367;56.892692;62.888711;1.899071;1.105392;0.904657;0.815455;552.000000;0.426141;245.863000;0.510490;2.640506e-01;9.563154e-01
6;F-11069-x40-07.tif;627;966.124402;241.963317;23.765684;39.270396;1.527452;1.652399;0.605181;0.517663;120.000000;0.796088;109.704000;0.503364;2.592504e-01;6.478686e-01
