No;Filename;Area;Centroid1;Centroid2;MajorAxisLength;MinorAxisLength;CircularShapeFactor;ElongationA;ElongationB;Roundness;Convex Defficiency;Eccentricity;Perimeter;MeanIntensity;MinIntensity;MaxIntensity
1;F-11069-x40-07.tif;1246;353.121188;367.738363;34.929278;45.534504;1.030717;1.303620;0.767095;0.765151;32.000000;0.641534;127.038000;145.226324;127;161
2;F-11069-x40-07.tif;1685;692.622552;43.561424;43.464825;53.119136;1.413489;1.222118;0.818252;0.760340;166.000000;0.574860;173.002000;137.828487;127;151
3;F-11069-x40-07.tif;632;741.322785;511.265823;24.582273;33.369221;1.051533;1.357451;0.736675;0.722662;27.000000;0.676247;91.385000;149.297468;124;175
