No;Filename;Area;Centroid1;Centroid2;MajorAxisLength;MinorAxisLength;CircularShapeFactor;ElongationA;ElongationB;Roundness;Convex Defficiency;Eccentricity;Perimeter;MeanIntensity;MinIntensity;MaxIntensity
1;F-11879-x40-08.tif;1177;511.504673;629.514868;36.028938;43.526462;1.204898;1.208097;0.827748;0.791006;72.000000;0.561100;133.496000;158.036534;137;174
2;F-11879-x40-08.tif;1603;811.797879;716.862133;41.078077;51.925277;1.207458;1.264063;0.791100;0.756983;126.000000;0.611687;155.958000;164.580162;142;175
3;F-11879-x40-08.tif;1534;1087.883963;710.713820;34.797429;56.307507;1.075577;1.618151;0.617989;0.616031;30.000000;0.786187;143.992000;148.750326;130;161
