No;Filename;Area;Centroid1;Centroid2;MajorAxisLength;MinorAxisLength;CircularShapeFactor;ElongationA;ElongationB;Roundness;Convex Defficiency;Eccentricity;Perimeter;MeanIntensity;MinIntensity;MaxIntensity
1;F-11879-x40-08.tif;1185;511.443038;629.611814;36.326668;43.390248;1.200029;1.194446;0.837208;0.801391;69.000000;0.546884;133.678000;97.080169;81;118
2;F-11879-x40-08.tif;1602;811.792135;716.883271;41.000992;51.966731;1.211033;1.267451;0.788985;0.755304;122.000000;0.614412;156.140000;90.418227;80;113
3;F-11879-x40-08.tif;1534;1087.883963;710.713820;34.797429;56.307507;1.075577;1.618151;0.617989;0.616031;30.000000;0.786187;143.992000;106.249674;94;125
