No;Filename;Area;Centroid1;Centroid2;MajorAxisLength;MinorAxisLength;CircularShapeFactor;ElongationA;ElongationB;Roundness;Convex Defficiency;Eccentricity;Perimeter;MeanIntensity;MinIntensity;MaxIntensity
1;F-11240-x40-02.tif;2397;706.785565;369.557781;40.957317;78.637279;1.433841;1.919981;0.520838;0.493539;194.000000;0.853655;207.821000;0.388778;1.515097e-01;5.361742e-01
2;F-11240-x40-02.tif;1113;804.812219;316.652291;34.298879;41.778168;1.124625;1.218062;0.820976;0.811907;74.000000;0.570962;125.417000;0.406983;2.534058e-01;5.990311e-01
3;F-11240-x40-02.tif;1937;841.533815;343.177078;48.107555;53.482904;1.671369;1.111736;0.899494;0.862203;247.000000;0.436933;201.700000;0.391822;2.268832e-01;5.364949e-01
4;F-11240-x40-02.tif;329;1083.382979;758.948328;11.973910;38.448046;1.864038;3.210985;0.311431;0.283372;56.000000;0.950269;87.787000;0.364655;2.735570e-01;4.396568e-01
5;F-11240-x40-02.tif;308;1145.337662;739.100649;18.568948;26.607863;1.847523;1.432922;0.697874;0.553912;97.000000;0.716220;84.562000;0.378150;2.399827e-01;5.240562e-01
6;F-11240-x40-02.tif;3248;1206.262623;640.324200;53.792417;82.612999;2.284628;1.535774;0.651137;0.605940;712.000000;0.758960;305.366000;0.367867;2.367563e-01;4.798982e-01
7;F-11240-x40-02.tif;457;1194.881838;545.621444;17.577066;34.536667;1.400473;1.964871;0.508939;0.487827;36.000000;0.860802;89.681000;0.370945;3.157739e-01;4.456568e-01
8;F-11240-x40-02.tif;725;1215.862069;734.246897;18.026592;59.503636;2.692993;3.300881;0.302949;0.260712;253.000000;0.953007;156.636000;0.369702;2.196422e-01;7.703314e-01
