No;Filename;Area;Centroid1;Centroid2;MajorAxisLength;MinorAxisLength;CircularShapeFactor;ElongationA;ElongationB;Roundness;Convex Defficiency;Eccentricity;Perimeter;MeanIntensity;MinIntensity;MaxIntensity
1;F-11069-x40-07.tif;1245;353.121285;367.722088;34.917038;45.514930;1.031545;1.303516;0.767156;0.765194;32.000000;0.641461;127.038000;109.760643;94;128
2;F-11069-x40-07.tif;1681;692.698394;43.562760;43.552794;52.986704;1.461905;1.216609;0.821957;0.762332;171.000000;0.569550;175.731000;117.167162;104;128
3;F-11069-x40-07.tif;632;741.322785;511.265823;24.582273;33.369221;1.051533;1.357451;0.736675;0.722662;27.000000;0.676247;91.385000;105.702532;80;131
