No;Filename;Area;Centroid1;Centroid2;MajorAxisLength;MinorAxisLength;CircularShapeFactor;ElongationA;ElongationB;Roundness;Convex Defficiency;Eccentricity;Perimeter;MeanIntensity;MinIntensity;MaxIntensity
1;F-11069-x40-07.tif;1026;351.884990;368.495127;32.597450;40.478055;1.034861;1.241755;0.805312;0.797293;36.000000;0.592852;115.510000;0.429012;2.047470e-01;8.916180e-01
2;F-11069-x40-07.tif;2794;564.454903;447.921976;57.447273;69.884205;1.565781;1.216493;0.822035;0.728414;460.000000;0.569437;234.468000;0.368859;3.883746e-02;9.612172e-01
