No;Filename;Area;Centroid1;Centroid2;MajorAxisLength;MinorAxisLength;CircularShapeFactor;ElongationA;ElongationB;Roundness;Convex Defficiency;Eccentricity;Perimeter;MeanIntensity;MinIntensity;MaxIntensity
1;F-11069-x40-07.tif;1195;351.817573;367.127197;34.576307;44.354689;1.077364;1.282806;0.779541;0.773391;55.000000;0.626351;127.195000;145.951464;125;165
2;F-11069-x40-07.tif;1700;504.572353;436.048235;41.106002;56.776175;1.548466;1.381214;0.724001;0.671470;198.000000;0.689799;181.878000;146.806471;125;169
3;F-11069-x40-07.tif;2734;565.053767;448.316020;57.507225;69.084017;1.899194;1.201310;0.832424;0.729379;518.000000;0.554139;255.440000;147.718727;114;175
4;F-11069-x40-07.tif;1327;617.321025;524.220799;34.670303;49.695423;1.213814;1.433371;0.697656;0.684145;98.000000;0.716433;142.271000;149.904295;122;176
5;F-11069-x40-07.tif;692;740.190751;509.615607;24.733962;36.087531;1.061816;1.459028;0.685388;0.676553;22.000000;0.728178;96.091000;151.966763;117;183
