No;Filename;Area;Centroid1;Centroid2;MajorAxisLength;MinorAxisLength;CircularShapeFactor;ElongationA;ElongationB;Roundness;Convex Defficiency;Eccentricity;Perimeter;MeanIntensity;MinIntensity;MaxIntensity
1;F-11333-x40-04.tif;1030;179.743689;243.472816;34.090957;40.103273;1.356308;1.176361;0.850079;0.815432;92.000000;0.526655;132.496000;0.399719;2.600216e-01;4.830324e-01
2;F-11333-x40-04.tif;2751;627.633224;511.019629;39.329105;106.402558;2.337554;2.705441;0.369626;0.309383;919.000000;0.929181;284.270000;0.379511;1.826071e-01;5.899917e-01
3;F-11333-x40-04.tif;748;672.962567;476.897059;23.707298;42.060692;1.346245;1.774166;0.563645;0.538343;81.000000;0.826017;112.491000;0.396314;2.590519e-01;6.202970e-01
4;F-11333-x40-04.tif;3500;695.421714;399.879429;48.570578;142.596376;5.654745;2.935859;0.340616;0.219160;2501.000000;0.940203;498.707000;0.365769;1.482939e-01;5.841916e-01
5;F-11333-x40-04.tif;993;727.739174;239.710977;28.657806;52.168591;2.630233;1.820397;0.549331;0.464559;287.000000;0.835605;181.166000;0.377992;2.411666e-01;5.573343e-01
6;F-11333-x40-04.tif;5268;803.108960;370.435839;67.583217;126.338859;3.229497;1.869382;0.534936;0.420225;1651.000000;0.844893;462.376000;0.389126;2.460111e-01;6.013809e-01
7;F-11333-x40-04.tif;348;843.327586;311.206897;12.729368;37.711218;1.902082;2.962537;0.337549;0.311565;51.000000;0.941308;91.203000;0.359307;2.538927e-01;4.765146e-01
