No;Filename;Area;Centroid1;Centroid2;MajorAxisLength;MinorAxisLength;CircularShapeFactor;ElongationA;ElongationB;Roundness;Convex Defficiency;Eccentricity;Perimeter;MeanIntensity;MinIntensity;MaxIntensity
1;B-11704-x40-06.tif;1021;1067.089128;232.939275;32.737571;42.846118;1.333990;1.308775;0.764073;0.708130;124.000000;0.645130;130.826000;211.594515;162;255
2;B-11704-x40-06.tif;712;1131.908708;246.188202;24.960854;36.435890;1.010261;1.459721;0.685062;0.682859;17.000000;0.728485;95.074000;207.463483;176;255
