No;Filename;Area;Centroid1;Centroid2;MajorAxisLength;MinorAxisLength;CircularShapeFactor;ElongationA;ElongationB;Roundness;Convex Defficiency;Eccentricity;Perimeter;MeanIntensity;MinIntensity;MaxIntensity
1;B-AA11746-x40-05AA.tif;1549;463.284700;154.373144;40.352513;54.212903;1.793712;1.343483;0.744334;0.671052;255.000000;0.667807;186.856000;213.908974;145;255
2;B-AA11746-x40-05AA.tif;1724;1165.913573;722.024362;35.979337;63.048958;1.386709;1.752366;0.570657;0.552194;144.000000;0.821188;173.327000;212.524942;154;255
3;B-AA11746-x40-05AA.tif;942;1196.945860;737.840764;32.742549;37.974395;1.173590;1.159787;0.862227;0.831724;70.000000;0.506522;117.866000;222.131635;158;255
