No;Filename;Area;Centroid1;Centroid2;MajorAxisLength;MinorAxisLength;CircularShapeFactor;ElongationA;ElongationB;Roundness;Convex Defficiency;Eccentricity;Perimeter;MeanIntensity;MinIntensity;MaxIntensity
1;F-11240-x40-02.tif;808;751.055693;291.533416;30.015270;34.834824;1.097952;1.160570;0.861646;0.847802;49.000000;0.507511;105.585000;201.279703;129;255
2;F-11240-x40-02.tif;747;809.441767;318.307898;30.760998;31.187945;1.022127;1.013879;0.986311;0.977816;25.000000;0.164899;97.953000;193.669344;151;255
3;F-11240-x40-02.tif;1176;827.041667;494.829932;33.758770;47.566400;1.318874;1.409009;0.709719;0.661785;143.000000;0.704485;139.608000;200.244898;146;255
4;F-11240-x40-02.tif;856;849.273364;340.129673;30.852015;37.113491;1.233626;1.202952;0.831288;0.791262;88.000000;0.555841;115.195000;198.285047;157;255
5;F-11240-x40-02.tif;725;868.797241;439.910345;27.078005;34.194815;0.970353;1.262826;0.791875;0.789455;15.000000;0.610684;94.024000;180.973793;131;255
6;F-11240-x40-02.tif;354;1309.700565;427.056497;16.620737;32.242109;1.502945;1.939872;0.515498;0.433577;75.000000;0.856891;81.767000;213.703390;167;255
7;F-11240-x40-02.tif;921;1326.669924;448.964169;30.880084;39.836920;1.310237;1.290052;0.775162;0.738921;92.000000;0.631762;123.143000;202.925081;150;255
8;F-11240-x40-02.tif;2052;1345.469786;577.847466;40.458996;79.675662;2.030631;1.969294;0.507796;0.411563;578.000000;0.861477;228.828000;202.863060;135;255
9;F-11240-x40-02.tif;424;1390.516509;577.115566;22.275428;24.480049;0.938608;1.098971;0.909942;0.900848;6.000000;0.414735;70.718000;180.297170;104;255
