No;Filename;Area;Centroid1;Centroid2;MajorAxisLength;MinorAxisLength;CircularShapeFactor;ElongationA;ElongationB;Roundness;Convex Defficiency;Eccentricity;Perimeter;MeanIntensity;MinIntensity;MaxIntensity
1;M-11820b-x40-10.tif;922;292.167028;109.740781;26.459452;47.104366;1.399266;1.780247;0.561720;0.529077;84.000000;0.827328;127.327000;159.913232;129;176
2;M-11820b-x40-10.tif;1040;445.238462;265.848077;30.312084;46.476252;1.256356;1.533258;0.652206;0.613029;103.000000;0.758042;128.138000;156.243269;129;172
3;M-11820b-x40-10.tif;5309;497.706536;509.509324;66.066975;103.193626;1.140119;1.561955;0.640223;0.634771;151.000000;0.768189;275.795000;161.732906;128;182
4;M-11820b-x40-10.tif;531;486.094162;277.732580;23.714050;29.211159;1.035073;1.231808;0.811815;0.792332;23.000000;0.583915;83.107000;163.715631;130;183
5;M-11820b-x40-10.tif;1101;520.475023;178.969119;36.658422;39.375327;1.168574;1.074114;0.931000;0.904168;66.000000;0.365020;127.153000;162.241599;133;182
6;M-11820b-x40-10.tif;1161;698.394488;509.201550;33.988856;44.989484;1.180099;1.323654;0.755484;0.730332;79.000000;0.655167;131.214000;162.337640;132;184
7;M-11820b-x40-10.tif;1940;1231.362887;548.627320;42.866378;58.651045;1.171553;1.368230;0.730872;0.718059;96.000000;0.682515;169.000000;165.126804;133;184
8;M-11820b-x40-10.tif;1160;1422.550862;100.212931;35.384519;42.499831;1.121295;1.201085;0.832580;0.817699;51.000000;0.553904;127.848000;134.961207;125;162
9;M-11820b-x40-10.tif;1241;1551.647865;328.910556;38.200610;43.023986;1.348665;1.126264;0.887891;0.853612;106.000000;0.460054;145.025000;168.466559;135;185
