No;Filename;Area;Centroid1;Centroid2;MajorAxisLength;MinorAxisLength;CircularShapeFactor;ElongationA;ElongationB;Roundness;Convex Defficiency;Eccentricity;Perimeter;MeanIntensity;MinIntensity;MaxIntensity
1;M-11830a-x40-03.tif;1387;647.785148;433.060562;32.021612;56.482636;1.284602;1.763891;0.566928;0.553550;96.000000;0.823767;149.633000;0.432045;3.231136e-01;5.970348e-01
2;M-11830a-x40-03.tif;1505;660.988704;560.443854;35.835885;57.428119;1.424236;1.602531;0.624013;0.581028;155.000000;0.781414;164.121000;0.459894;3.284898e-01;6.947603e-01
3;M-11830a-x40-03.tif;1537;671.864671;466.675992;41.928522;52.706841;1.674738;1.257064;0.795504;0.704450;263.000000;0.605948;179.852000;0.452475;2.873850e-01;5.941063e-01
4;M-11830a-x40-03.tif;471;1426.191083;178.225053;23.525315;25.603572;0.935600;1.088341;0.918829;0.914808;10.000000;0.394655;74.415000;0.402608;2.688335e-01;8.409437e-01
5;M-11830a-x40-03.tif;1246;1541.992777;294.780096;27.498743;58.833908;1.312514;2.139513;0.467396;0.458324;69.000000;0.884048;143.356000;0.460647;3.354062e-01;7.072316e-01
