No;Filename;Area;Centroid1;Centroid2;MajorAxisLength;MinorAxisLength;CircularShapeFactor;ElongationA;ElongationB;Roundness;Convex Defficiency;Eccentricity;Perimeter;MeanIntensity;MinIntensity;MaxIntensity
1;M-11940-x40-09.tif;831;519.466907;189.980746;23.992281;45.316116;1.176941;1.888779;0.529443;0.515236;31.000000;0.848346;110.862000;88.336943;72;124
2;M-11940-x40-09.tif;804;543.560945;307.689055;24.562244;42.006932;1.102557;1.710224;0.584719;0.580129;23.000000;0.811236;105.544000;85.366915;70;119
3;M-11940-x40-09.tif;865;560.035838;345.627746;28.799252;39.089976;1.130496;1.357326;0.736743;0.720768;55.000000;0.676173;110.853000;88.618497;70;123
4;M-11940-x40-09.tif;1068;690.647004;721.771536;24.645620;56.939654;1.384237;2.310336;0.432838;0.419423;51.000000;0.901472;136.300000;90.203184;76;124
5;M-11940-x40-09.tif;917;888.751363;471.369684;29.880986;41.461000;1.184526;1.387538;0.720701;0.679203;54.000000;0.693246;116.832000;88.802617;74;115
