No;Filename;Area;Centroid1;Centroid2;MajorAxisLength;MinorAxisLength;CircularShapeFactor;ElongationA;ElongationB;Roundness;Convex Defficiency;Eccentricity;Perimeter;MeanIntensity;MinIntensity;MaxIntensity
1;M-11940-x40-08.tif;1553;332.462975;513.939472;37.846473;55.723100;1.309118;1.472346;0.679188;0.636812;149.000000;0.733964;159.838000;173.238892;138;188
2;M-11940-x40-08.tif;2584;564.848297;740.700464;48.924256;71.240826;1.302179;1.456145;0.686745;0.648253;313.000000;0.726899;205.630000;172.796440;133;189
3;M-11940-x40-08.tif;1426;626.585554;750.694250;32.466616;57.862577;1.325011;1.782218;0.561099;0.542293;98.000000;0.827749;154.090000;172.304348;129;189
