No;Filename;Area;Centroid1;Centroid2;MajorAxisLength;MinorAxisLength;CircularShapeFactor;ElongationA;ElongationB;Roundness;Convex Defficiency;Eccentricity;Perimeter;MeanIntensity;MinIntensity;MaxIntensity
1;M-11940-x40-10.tif;1490;552.836913;527.552349;26.468096;83.975481;2.555151;3.172706;0.315188;0.269024;310.000000;0.949029;218.729000;246.117450;228;255
2;M-11940-x40-10.tif;1087;556.641214;438.621895;31.945414;44.383207;1.161112;1.389345;0.719764;0.702591;54.000000;0.694219;125.938000;247.564857;235;255
3;M-11940-x40-10.tif;975;859.142564;355.603077;26.550454;49.658297;1.462667;1.870337;0.534663;0.503421;92.000000;0.845065;133.869000;245.909744;221;255
