No;Filename;Area;Centroid1;Centroid2;MajorAxisLength;MinorAxisLength;CircularShapeFactor;ElongationA;ElongationB;Roundness;Convex Defficiency;Eccentricity;Perimeter;MeanIntensity;MinIntensity;MaxIntensity
1;M-11806-x40-01.tif;561;660.399287;522.049911;20.360695;41.381914;1.839046;2.032441;0.492019;0.417111;152.000000;0.870584;113.863000;0.525896;3.805369e-01;7.273379e-01
2;M-11806-x40-01.tif;481;684.334719;666.072765;19.411440;33.206998;1.409782;1.710692;0.584559;0.555387;71.000000;0.811351;92.311000;0.401663;2.698218e-01;5.158815e-01
3;M-11806-x40-01.tif;2555;763.787476;453.614090;56.027393;59.667907;1.426992;1.064977;0.938987;0.913733;225.000000;0.343952;214.048000;0.563621;4.115715e-01;7.002780e-01
4;M-11806-x40-01.tif;2575;786.284272;541.551845;58.164034;60.005412;1.538142;1.031658;0.969313;0.910556;383.000000;0.245829;223.096000;0.576014;4.059854e-01;8.598994e-01
5;M-11806-x40-01.tif;319;831.134796;403.899687;14.315145;40.784471;2.536123;2.849044;0.350995;0.244181;152.000000;0.936377;100.829000;0.511238;4.613436e-01;5.941107e-01
