No;Filename;Area;Centroid1;Centroid2;MajorAxisLength;MinorAxisLength;CircularShapeFactor;ElongationA;ElongationB;Roundness;Convex Defficiency;Eccentricity;Perimeter;MeanIntensity;MinIntensity;MaxIntensity
1;M-11901b-x40-03.tif;1506;455.059097;267.246348;41.201609;59.207903;2.880132;1.437029;0.695880;0.546985;733.000000;0.718158;233.466000;0.575640;-2.174994e-01;8.406540e-01
2;M-11901b-x40-03.tif;1289;895.762607;441.680372;29.512179;59.141108;1.581326;2.003956;0.499013;0.469228;199.000000;0.866595;160.045000;0.565989;3.665723e-01;7.219269e-01
3;M-11901b-x40-03.tif;680;889.667647;471.670588;21.496582;43.498493;1.666181;2.023507;0.494191;0.457584;121.000000;0.869353;119.322000;0.514829;1.267356e-01;7.113478e-01
4;M-11901b-x40-03.tif;2759;1008.498369;377.973179;56.277713;62.679972;1.118931;1.113762;0.897858;0.894137;122.000000;0.440285;196.962000;0.552890;1.362004e-01;8.030002e-01
5;M-11901b-x40-03.tif;1244;1456.002412;420.344051;34.477330;49.879947;1.456897;1.446746;0.691206;0.636617;154.000000;0.722658;150.914000;0.548675;-3.943963e-01;7.936849e-01
6;M-11901b-x40-03.tif;1984;1523.903226;321.353831;45.936953;60.959693;2.310140;1.327030;0.753563;0.679777;339.000000;0.657376;239.991000;0.562861;3.023635e-01;7.639317e-01
