No;Filename;Area;Centroid1;Centroid2;MajorAxisLength;MinorAxisLength;CircularShapeFactor;ElongationA;ElongationB;Roundness;Convex Defficiency;Eccentricity;Perimeter;MeanIntensity;MinIntensity;MaxIntensity
1;M-11940-x40-07.tif;1275;915.902745;340.704314;30.918412;59.533859;2.350431;1.925515;0.519342;0.458028;325.000000;0.854567;194.059000;94.530196;75;100
2;M-11940-x40-07.tif;2249;947.903068;198.883504;46.703373;62.885558;1.432688;1.346489;0.742672;0.724099;189.000000;0.669655;201.222000;89.975545;18;100
3;M-11940-x40-07.tif;1827;1241.695129;804.810619;38.458563;66.354202;1.582779;1.725343;0.579595;0.528338;225.000000;0.814905;190.627000;90.134100;48;100
