No;Filename;Area;Centroid1;Centroid2;MajorAxisLength;MinorAxisLength;CircularShapeFactor;ElongationA;ElongationB;Roundness;Convex Defficiency;Eccentricity;Perimeter;MeanIntensity;MinIntensity;MaxIntensity
1;M-11811a-x40-09.tif;903;452.079734;518.717608;28.986754;45.776318;1.887246;1.579215;0.633226;0.548676;225.000000;0.773967;146.340000;107.263566;82;125
2;M-11811a-x40-09.tif;1131;608.415561;634.820513;29.053957;50.789019;1.281727;1.748093;0.572052;0.558256;72.000000;0.820217;134.969000;120.968170;86;132
3;M-11811a-x40-09.tif;1133;1464.711386;448.940865;37.074222;40.016388;1.189694;1.079359;0.926476;0.900874;82.000000;0.376354;130.148000;94.501324;78;123
