No;Filename;Area;Centroid1;Centroid2;MajorAxisLength;MinorAxisLength;CircularShapeFactor;ElongationA;ElongationB;Roundness;Convex Defficiency;Eccentricity;Perimeter;MeanIntensity;MinIntensity;MaxIntensity
1;M-11940-x40-08.tif;1544;332.513601;513.954663;37.629797;55.715015;1.315382;1.480609;0.675398;0.633305;147.000000;0.737454;159.755000;81.643135;67;117
2;M-11940-x40-08.tif;2585;564.841779;740.693230;48.954094;71.227569;1.299372;1.454987;0.687291;0.648746;312.000000;0.726382;205.448000;82.213153;66;122
3;M-11940-x40-08.tif;1425;626.590877;750.708070;32.460448;57.849470;1.325941;1.782153;0.561119;0.542158;98.000000;0.827735;154.090000;82.677895;66;126
