No;Filename;Area;Centroid1;Centroid2;MajorAxisLength;MinorAxisLength;CircularShapeFactor;ElongationA;ElongationB;Roundness;Convex Defficiency;Eccentricity;Perimeter;MeanIntensity;MinIntensity;MaxIntensity
1;M-11822-x40-05.tif;3793;102.378065;454.910098;67.625628;86.945582;3.980697;1.285690;0.777793;0.638849;1581.000000;0.628521;435.588000;141.878197;125;170
2;M-11822-x40-05.tif;2300;476.245652;195.279130;53.288637;56.664290;1.192406;1.063347;0.940427;0.912051;149.000000;0.339995;185.644000;159.342174;124;183
3;M-11822-x40-05.tif;3286;499.173159;279.943092;66.590049;73.471590;2.290983;1.103342;0.906337;0.775066;798.000000;0.422555;307.574000;157.214547;126;182
4;M-11822-x40-05.tif;3249;525.120037;177.118190;59.199580;75.323402;1.622999;1.272364;0.785939;0.729122;455.000000;0.618304;257.418000;159.153586;126;187
5;M-11822-x40-05.tif;320;529.428125;349.671875;16.272367;31.556639;1.650860;1.939278;0.515656;0.409146;92.000000;0.856796;81.477000;141.018750;128;167
6;M-11822-x40-05.tif;385;572.223377;314.545455;14.921086;54.370796;3.313650;3.643890;0.274432;0.165821;228.000000;0.961607;126.616000;143.948052;126;166
