No;Filename;Area;Centroid1;Centroid2;MajorAxisLength;MinorAxisLength;CircularShapeFactor;ElongationA;ElongationB;Roundness;Convex Defficiency;Eccentricity;Perimeter;MeanIntensity;MinIntensity;MaxIntensity
1;M-11811a-x40-10.tif;872;25.861239;765.962156;22.378774;57.435592;1.803647;2.566521;0.389633;0.336561;206.000000;0.920970;140.585000;88.163991;51;100
2;M-11811a-x40-10.tif;2248;378.269573;128.771352;31.881925;96.794884;2.144293;3.036043;0.329376;0.305493;359.000000;0.944199;246.119000;82.858541;39;100
3;M-11811a-x40-10.tif;1156;499.633218;374.112457;26.449550;104.322893;3.701084;3.944222;0.253535;0.135241;1056.000000;0.967326;231.872000;76.409170;0;100
4;M-11811a-x40-10.tif;696;539.869253;323.765805;18.339685;50.323314;1.626105;2.743957;0.364437;0.349930;105.000000;0.931228;119.257000;85.178161;34;100
5;M-11811a-x40-10.tif;545;577.882569;289.322936;13.068997;70.719013;2.929559;5.411204;0.184802;0.138750;236.000000;0.982776;141.646000;87.089908;49;100
6;M-11811a-x40-10.tif;2479;691.446551;55.451795;43.525240;81.066112;2.084529;1.862508;0.536910;0.480295;558.000000;0.843639;254.828000;90.558290;56;100
7;M-11811a-x40-10.tif;1188;715.178451;122.398990;30.197151;51.105865;1.274801;1.692407;0.590874;0.579142;103.000000;0.806764;137.954000;88.925926;63;100
