No;Filename;Area;Centroid1;Centroid2;MajorAxisLength;MinorAxisLength;CircularShapeFactor;ElongationA;ElongationB;Roundness;Convex Defficiency;Eccentricity;Perimeter;MeanIntensity;MinIntensity;MaxIntensity
1;M-11940-x40-09.tif;1574;272.758577;132.419314;33.627433;66.548449;1.816682;1.978993;0.505308;0.452521;270.000000;0.862939;189.560000;247.464422;228;255
2;M-11940-x40-09.tif;1593;624.081607;216.371626;37.178819;57.771042;1.735666;1.553870;0.643555;0.607723;285.000000;0.765400;186.400000;240.354677;224;255
3;M-11940-x40-09.tif;944;690.443856;553.047669;30.515007;40.529219;1.185115;1.328173;0.752914;0.731721;57.000000;0.658119;118.569000;244.675847;216;255
4;M-11940-x40-09.tif;919;717.792165;327.571273;27.914778;43.670595;1.380404;1.564426;0.639212;0.613546;100.000000;0.769030;126.260000;247.821545;225;255
5;M-11940-x40-09.tif;1029;731.036929;529.497570;31.628429;46.385187;1.859718;1.466566;0.681865;0.608929;174.000000;0.731478;155.073000;246.841594;194;255
6;M-11940-x40-09.tif;1168;745.101027;394.585616;28.066046;54.253826;1.406109;1.933077;0.517310;0.505234;104.000000;0.855798;143.660000;244.179795;224;255
7;M-11940-x40-09.tif;1005;881.336318;423.254726;31.982143;41.838425;1.356927;1.308181;0.764420;0.731014;124.000000;0.644718;130.908000;248.340299;228;255
