No;Filename;Area;Centroid1;Centroid2;MajorAxisLength;MinorAxisLength;CircularShapeFactor;ElongationA;ElongationB;Roundness;Convex Defficiency;Eccentricity;Perimeter;MeanIntensity;MinIntensity;MaxIntensity
1;M-11820b-x40-05.tif;2342;436.596926;568.976089;43.327308;71.236161;1.545855;1.644140;0.608221;0.587619;278.000000;0.793768;213.296000;182.412895;97;255
2;M-11820b-x40-05.tif;972;427.835391;517.563786;28.953918;48.644202;1.815641;1.680056;0.595218;0.523015;211.000000;0.803564;148.920000;205.916667;152;255
3;M-11820b-x40-05.tif;741;453.898785;312.786775;26.376957;37.301582;1.333089;1.414173;0.707127;0.678069;73.000000;0.707087;111.415000;206.897436;140;255
4;M-11820b-x40-05.tif;1511;629.241562;580.330245;40.015097;49.010626;1.237878;1.224803;0.816458;0.800929;119.000000;0.577405;153.312000;198.195897;119;255
5;M-11820b-x40-05.tif;633;780.737757;776.402844;27.422793;29.508395;0.944723;1.076054;0.929322;0.925599;14.000000;0.369271;86.688000;180.036335;30;255
6;M-11820b-x40-05.tif;1714;813.735123;528.677363;36.491356;62.402787;1.797361;1.710070;0.584771;0.560419;243.000000;0.811198;196.756000;201.403151;125;255
7;M-11820b-x40-05.tif;2987;885.777703;556.302645;65.105349;66.013730;1.941731;1.013952;0.986240;0.872724;495.000000;0.165323;269.971000;190.288249;81;255
8;M-11820b-x40-05.tif;1162;960.187608;267.972461;34.169723;49.163064;1.784537;1.438790;0.695028;0.612123;247.000000;0.718982;161.425000;202.399312;142;255
9;M-11820b-x40-05.tif;3251;1128.332205;479.003999;47.749939;98.244423;2.684297;2.057477;0.486032;0.428856;1034.000000;0.873941;331.153000;199.344202;115;255
