No;Filename;Area;Centroid1;Centroid2;MajorAxisLength;MinorAxisLength;CircularShapeFactor;ElongationA;ElongationB;Roundness;Convex Defficiency;Eccentricity;Perimeter;MeanIntensity;MinIntensity;MaxIntensity
1;M-11820b-x40-10.tif;1696;167.854363;303.837264;42.791972;52.836753;1.410937;1.234735;0.809890;0.773506;189.000000;0.586581;173.409000;207.964623;95;255
2;M-11820b-x40-10.tif;801;296.044944;717.451935;27.673233;37.040593;1.004415;1.338499;0.747106;0.743339;22.000000;0.664705;100.549000;185.685393;98;255
3;M-11820b-x40-10.tif;1805;322.068144;504.987812;45.036101;54.713614;1.803035;1.214883;0.823124;0.767709;225.000000;0.567861;202.230000;196.220499;68;255
4;M-11820b-x40-10.tif;1546;763.256792;489.032988;37.112447;60.331055;1.730988;1.625629;0.615147;0.540801;247.000000;0.788413;183.382000;205.340880;143;255
5;M-11820b-x40-10.tif;1426;1025.093268;354.917952;34.851060;60.244919;2.338584;1.728639;0.578490;0.500252;391.000000;0.815690;204.711000;206.338710;49;255
6;M-11820b-x40-10.tif;753;1088.689243;151.819389;27.196186;37.710088;1.434569;1.386595;0.721191;0.674202;91.000000;0.692736;116.510000;208.342629;150;255
7;M-11820b-x40-10.tif;1658;1158.960796;107.013269;46.448281;51.735383;1.706946;1.113828;0.897805;0.788714;264.000000;0.440393;188.585000;183.341978;62;255
8;M-11820b-x40-10.tif;909;1322.732673;463.185919;28.820504;40.399640;1.013620;1.401767;0.713385;0.709119;20.000000;0.700772;107.603000;170.996700;0;255
9;M-11820b-x40-10.tif;938;1468.937100;667.089552;28.658474;43.377435;1.135027;1.513599;0.660677;0.634724;58.000000;0.750670;115.667000;175.550107;73;255
