No;Filename;Area;Centroid1;Centroid2;MajorAxisLength;MinorAxisLength;CircularShapeFactor;ElongationA;ElongationB;Roundness;Convex Defficiency;Eccentricity;Perimeter;MeanIntensity;MinIntensity;MaxIntensity
1;M-11830a-x40-03.tif;798;614.704261;258.088972;27.824700;38.331092;1.190729;1.377592;0.725904;0.691529;60.000000;0.687796;109.273000;248.738095;239;255
2;M-11830a-x40-03.tif;1306;646.439510;436.120980;32.959641;51.724318;1.479844;1.569323;0.637218;0.621532;147.000000;0.770684;155.842000;244.546708;230;255
3;M-11830a-x40-03.tif;1413;660.892427;561.785563;34.991150;56.934978;1.595014;1.627125;0.614581;0.555001;190.000000;0.788854;168.290000;247.636943;227;255
4;M-11830a-x40-03.tif;1144;675.678322;468.601399;34.603846;52.081775;1.770508;1.505086;0.664414;0.536988;235.000000;0.747365;159.539000;247.245629;224;255
5;M-11830a-x40-03.tif;851;684.081081;198.971798;23.995639;46.411979;1.274951;1.934184;0.517014;0.503013;61.000000;0.855977;116.766000;248.685076;240;255
6;M-11830a-x40-03.tif;942;825.186837;209.601911;30.802484;42.622252;1.351653;1.383728;0.722686;0.660219;82.000000;0.691177;126.492000;247.520170;235;255
7;M-11830a-x40-03.tif;501;1424.530938;176.127745;24.460386;26.156902;0.950352;1.069358;0.935141;0.932342;12.000000;0.354276;77.351000;240.499002;201;255
