No;Filename;Area;Centroid1;Centroid2;MajorAxisLength;MinorAxisLength;CircularShapeFactor;ElongationA;ElongationB;Roundness;Convex Defficiency;Eccentricity;Perimeter;MeanIntensity;MinIntensity;MaxIntensity
1;M-11804-x40-10.tif;1391;325.028037;274.230050;32.942662;58.777177;1.475073;1.784227;0.560467;0.512649;172.000000;0.828177;160.574000;247.358016;230;255
2;M-11804-x40-10.tif;1140;803.471053;612.444737;31.032751;53.802440;2.119342;1.733731;0.576791;0.501431;276.000000;0.816892;174.244000;244.856140;213;255
3;M-11804-x40-10.tif;529;824.776938;571.107750;27.074620;32.695991;1.949744;1.207625;0.828072;0.630053;153.000000;0.560622;113.847000;249.120983;231;255
4;M-11804-x40-10.tif;1225;877.397551;759.350204;31.372183;51.193934;1.436653;1.631826;0.612811;0.595126;122.000000;0.790230;148.713000;247.076735;234;255
5;M-11804-x40-10.tif;920;934.121739;590.216304;25.947414;47.923622;1.399600;1.846952;0.541433;0.510033;118.000000;0.840744;127.204000;237.496739;191;255
6;M-11804-x40-10.tif;1661;1123.948224;423.639976;40.436386;57.785847;1.652379;1.429056;0.699763;0.633340;290.000000;0.714375;185.714000;242.683925;219;255
7;M-11804-x40-10.tif;681;1125.908957;457.198238;27.647903;33.463256;1.316614;1.210336;0.826217;0.774321;70.000000;0.563352;106.147000;249.964758;227;255
8;M-11804-x40-10.tif;1097;1175.699180;461.690975;34.728773;41.366524;1.243755;1.191131;0.839538;0.816242;94.000000;0.543301;130.941000;246.154057;219;255
