No;Filename;Area;Centroid1;Centroid2;MajorAxisLength;MinorAxisLength;CircularShapeFactor;ElongationA;ElongationB;Roundness;Convex Defficiency;Eccentricity;Perimeter;MeanIntensity;MinIntensity;MaxIntensity
1;M-11940-x40-10.tif;804;102.849502;315.919154;27.106508;39.007260;1.188471;1.439037;0.694909;0.672783;48.000000;0.719097;109.579000;171.750000;141;187
2;M-11940-x40-10.tif;916;679.014192;299.954148;24.502804;48.769196;1.249603;1.990352;0.502424;0.490359;43.000000;0.864622;119.933000;167.171397;132;187
3;M-11940-x40-10.tif;1000;940.625000;625.836000;31.121019;41.354232;1.104903;1.328820;0.752547;0.744509;49.000000;0.658538;117.833000;171.134000;144;184
4;M-11940-x40-10.tif;811;1078.531443;405.765721;29.601164;35.252900;1.036763;1.190929;0.839680;0.830886;32.000000;0.543081;102.791000;174.239211;140;185
5;M-11940-x40-10.tif;1261;1095.942109;435.673275;36.027101;45.589415;1.208658;1.265420;0.790251;0.772498;116.000000;0.612783;138.393000;172.206186;138;191
6;M-11940-x40-10.tif;1603;1259.235808;764.287586;30.931899;72.895301;1.717222;2.356638;0.424333;0.384100;294.000000;0.905506;185.988000;152.254523;132;185
7;M-11940-x40-10.tif;683;1250.812592;671.417277;27.753730;31.659625;1.003358;1.140734;0.876629;0.867600;20.000000;0.481168;92.799000;171.907760;138;185
8;M-11940-x40-10.tif;843;1276.128114;683.307236;31.080548;37.647031;1.345118;1.211273;0.825578;0.757314;135.000000;0.564288;119.371000;172.317912;141;192
