No;Filename;Area;Centroid1;Centroid2;MajorAxisLength;MinorAxisLength;CircularShapeFactor;ElongationA;ElongationB;Roundness;Convex Defficiency;Eccentricity;Perimeter;MeanIntensity;MinIntensity;MaxIntensity
1;M-11940-x40-04.tif;1317;1025.610478;646.723614;40.851412;51.310049;1.704392;1.256017;0.796168;0.636929;293.000000;0.605076;167.951000;207.811693;128;255
2;M-11940-x40-04.tif;884;1258.124434;417.529412;23.679920;49.391789;1.413702;2.085809;0.479430;0.461374;71.000000;0.877580;125.317000;212.226244;155;255
