No;Filename;Area;Centroid1;Centroid2;MajorAxisLength;MinorAxisLength;CircularShapeFactor;ElongationA;ElongationB;Roundness;Convex Defficiency;Eccentricity;Perimeter;MeanIntensity;MinIntensity;MaxIntensity
1;M-11940-x40-03.tif;1670;684.068862;431.904790;44.385609;50.851239;1.302734;1.145670;0.872852;0.822287;134.000000;0.487985;165.345000;91.845509;52;100
2;M-11940-x40-03.tif;1047;952.272206;436.935053;31.778850;42.871253;1.334286;1.349050;0.741262;0.725311;71.000000;0.671215;132.496000;73.710602;0;100
3;M-11940-x40-03.tif;1690;977.953254;365.218343;39.292209;56.863780;1.460863;1.447202;0.690988;0.665465;151.000000;0.722866;176.138000;89.710059;21;100
4;M-11940-x40-03.tif;1928;1004.714212;547.576763;45.508154;57.755742;1.672434;1.269130;0.787942;0.735914;301.000000;0.615750;201.295000;88.510373;19;100
