No;Filename;Area;Centroid1;Centroid2;MajorAxisLength;MinorAxisLength;CircularShapeFactor;ElongationA;ElongationB;Roundness;Convex Defficiency;Eccentricity;Perimeter;MeanIntensity;MinIntensity;MaxIntensity
1;M-11940-x40-07.tif;909;889.452145;590.973597;29.613409;39.966121;1.158192;1.349595;0.740963;0.724586;57.000000;0.671546;115.021000;167.474147;134;190
2;M-11940-x40-07.tif;1347;1431.701559;313.864143;29.295148;62.292408;1.551159;2.126373;0.470284;0.441985;176.000000;0.882515;162.038000;163.834447;132;188
3;M-11940-x40-07.tif;2305;1484.402169;348.518438;40.546838;74.630215;1.368155;1.840593;0.543303;0.526928;234.000000;0.839537;199.071000;175.986117;137;193
4;M-11940-x40-07.tif;644;1475.697205;286.961180;19.156805;46.623707;1.750339;2.433794;0.410881;0.377209;99.000000;0.911689;119.017000;171.604037;136;188
5;M-11940-x40-07.tif;595;1491.109244;302.964706;25.907533;29.991176;1.025309;1.157624;0.863839;0.842248;26.000000;0.503769;87.557000;172.144538;133;194
