No;Filename;Area;Centroid1;Centroid2;MajorAxisLength;MinorAxisLength;CircularShapeFactor;ElongationA;ElongationB;Roundness;Convex Defficiency;Eccentricity;Perimeter;MeanIntensity;MinIntensity;MaxIntensity
1;M-11811a-x40-09.tif;2104;388.537072;553.126426;35.854036;75.159417;1.270652;2.096261;0.477040;0.474230;66.000000;0.878882;183.291000;86.467681;54;193
2;M-11811a-x40-09.tif;885;418.578531;747.178531;28.266354;41.909912;1.178354;1.482678;0.674455;0.641534;46.000000;0.738316;114.476000;83.768362;50;185
3;M-11811a-x40-09.tif;676;638.591716;687.409763;24.835281;39.042398;1.569710;1.572054;0.636111;0.564656;116.000000;0.771598;115.475000;157.325444;121;211
4;M-11811a-x40-09.tif;1078;1465.257885;449.163265;35.659680;39.356669;1.178199;1.103674;0.906064;0.886119;80.000000;0.423140;126.335000;98.657699;64;192
5;M-11811a-x40-09.tif;4807;1528.306844;421.211566;64.292139;97.450270;1.284281;1.515742;0.659743;0.644493;231.000000;0.751491;278.530000;100.653214;62;188
