No;Filename;Area;Centroid1;Centroid2;MajorAxisLength;MinorAxisLength;CircularShapeFactor;ElongationA;ElongationB;Roundness;Convex Defficiency;Eccentricity;Perimeter;MeanIntensity;MinIntensity;MaxIntensity
1;M-11940-x40-04.tif;852;201.519953;320.653756;26.171943;42.488073;1.249228;1.623421;0.615983;0.600919;78.000000;0.787759;115.650000;120.093897;114;135
2;M-11940-x40-04.tif;1437;348.870564;564.532359;24.099591;78.780471;1.847046;3.268955;0.305908;0.294802;151.000000;0.952061;182.630000;118.774530;112;130
3;M-11940-x40-04.tif;812;528.448276;295.578818;25.349132;43.505338;1.385309;1.716246;0.582667;0.546237;86.000000;0.812711;118.893000;118.545567;113;127
4;M-11940-x40-04.tif;1151;558.499566;318.995656;37.607149;40.580244;1.280859;1.079057;0.926735;0.889931;120.000000;0.375715;136.111000;117.334492;111;129
5;M-11940-x40-04.tif;865;975.680925;152.493642;25.341757;47.505181;1.548204;1.874581;0.533452;0.488027;140.000000;0.845830;129.726000;119.816185;115;127
6;M-11940-x40-04.tif;533;1408.238274;609.257036;19.422145;37.421277;1.343700;1.926732;0.519013;0.484619;47.000000;0.854766;94.868000;119.615385;115;127
7;M-11940-x40-04.tif;1795;1430.791086;636.847911;40.329842;60.342773;1.648686;1.496231;0.668346;0.627659;273.000000;0.743851;192.844000;116.959889;110;128
