No;Filename;Area;Centroid1;Centroid2;MajorAxisLength;MinorAxisLength;CircularShapeFactor;ElongationA;ElongationB;Roundness;Convex Defficiency;Eccentricity;Perimeter;MeanIntensity;MinIntensity;MaxIntensity
1;M-11783-x40-01.tif;701;164.291013;449.194009;28.883450;31.080345;0.996521;1.076061;0.929316;0.923967;25.000000;0.369286;93.693000;243.111270;199;255
2;M-11783-x40-01.tif;596;555.565436;593.483221;25.697676;30.056685;1.009516;1.169627;0.854974;0.839990;18.000000;0.518671;86.953000;242.813758;214;255
3;M-11783-x40-01.tif;1780;587.857303;547.503933;31.418912;75.630157;1.783022;2.407154;0.415428;0.396223;214.000000;0.909626;199.707000;239.251685;208;255
4;M-11783-x40-01.tif;538;618.094796;316.189591;24.180175;28.690685;0.991734;1.186538;0.842788;0.832167;19.000000;0.538245;81.883000;238.615242;204;255
5;M-11783-x40-01.tif;1327;689.226074;579.106255;33.071297;52.854008;1.343259;1.598184;0.625710;0.604819;118.000000;0.780056;149.665000;247.322532;228;255
6;M-11783-x40-01.tif;819;855.454212;520.910867;28.527818;37.311814;1.133680;1.307910;0.764579;0.749034;49.000000;0.644530;108.017000;245.427350;220;255
7;M-11783-x40-01.tif;780;1078.274359;604.437179;27.065014;39.862611;1.386671;1.472847;0.678957;0.624990;81.000000;0.734178;116.584000;248.992308;234;255
