No;Filename;Area;Centroid1;Centroid2;MajorAxisLength;MinorAxisLength;CircularShapeFactor;ElongationA;ElongationB;Roundness;Convex Defficiency;Eccentricity;Perimeter;MeanIntensity;MinIntensity;MaxIntensity
1;M-11901b-x40-05.tif;2117;359.717052;94.497402;44.371618;64.258769;1.208184;1.448195;0.690515;0.652779;129.000000;0.723318;179.280000;161.829476;134;173
2;M-11901b-x40-05.tif;3344;853.698266;741.117225;62.156465;90.030613;2.364011;1.448451;0.690393;0.525286;962.000000;0.723435;315.183000;165.781400;126;193
3;M-11901b-x40-05.tif;1042;872.169866;77.201536;28.647634;47.144820;1.195420;1.645679;0.607652;0.596911;64.000000;0.794204;125.112000;156.225528;125;179
4;M-11901b-x40-05.tif;2159;1102.170912;517.070866;43.117827;65.019855;1.293872;1.507958;0.663149;0.650236;144.000000;0.748488;187.360000;163.171839;129;184
5;M-11901b-x40-05.tif;2006;1103.934696;143.497009;48.012524;64.987736;1.869006;1.353558;0.738794;0.604753;482.000000;0.673932;217.058000;151.329511;121;189
