No;Filename;Area;Centroid1;Centroid2;MajorAxisLength;MinorAxisLength;CircularShapeFactor;ElongationA;ElongationB;Roundness;Convex Defficiency;Eccentricity;Perimeter;MeanIntensity;MinIntensity;MaxIntensity
1;M-11940-x40-04.tif;857;90.353559;690.942824;24.578917;44.875465;1.134081;1.825771;0.547714;0.541842;35.000000;0.836666;110.514000;87.680280;67;124
2;M-11940-x40-04.tif;989;410.876643;583.128413;31.560064;42.436777;1.276998;1.344635;0.743696;0.699233;85.000000;0.668518;125.979000;116.963600;86;128
3;M-11940-x40-04.tif;990;489.931313;236.547475;29.584695;45.817600;1.352536;1.548693;0.645706;0.600455;108.000000;0.763586;129.717000;86.882828;70;124
4;M-11940-x40-04.tif;913;1127.588171;536.935378;26.497023;44.999962;1.156629;1.698303;0.588823;0.574059;59.000000;0.808262;115.196000;81.998905;59;124
5;M-11940-x40-04.tif;1239;1543.749798;711.580307;29.561858;55.496386;1.294457;1.877297;0.532681;0.512215;114.000000;0.846316;141.966000;84.897498;68;127
