No;Filename;Area;Centroid1;Centroid2;MajorAxisLength;MinorAxisLength;CircularShapeFactor;ElongationA;ElongationB;Roundness;Convex Defficiency;Eccentricity;Perimeter;MeanIntensity;MinIntensity;MaxIntensity
1;M-11830a-x40-05.tif;1864;589.048283;692.594421;37.595463;66.587991;1.380172;1.771171;0.564598;0.535259;159.000000;0.825366;179.802000;0.571380;2.141090e-01;7.124610e-01
2;M-11830a-x40-05.tif;3193;906.925775;246.990291;51.576258;88.677572;1.826835;1.719349;0.581616;0.516989;465.000000;0.813464;270.741000;0.568616;2.338121e-01;7.458685e-01
3;M-11830a-x40-05.tif;1315;1000.139924;82.431939;33.321431;51.786263;1.311394;1.554143;0.643442;0.624319;120.000000;0.765495;147.209000;0.556025;4.769667e-02;7.371971e-01
4;M-11830a-x40-05.tif;812;1485.836207;794.942118;30.984465;33.544309;0.988031;1.082617;0.923688;0.918816;20.000000;0.383146;100.408000;0.593971;8.058177e-02;7.709283e-01
