No;Filename;Area;Centroid1;Centroid2;MajorAxisLength;MinorAxisLength;CircularShapeFactor;ElongationA;ElongationB;Roundness;Convex Defficiency;Eccentricity;Perimeter;MeanIntensity;MinIntensity;MaxIntensity
1;M-11830a-x40-02.tif;1209;982.261373;758.973532;35.729264;46.955335;1.629454;1.314198;0.760920;0.698179;169.000000;0.648845;157.340000;245.885029;209;255
2;M-11830a-x40-02.tif;2139;1063.007948;730.471248;40.195531;77.590842;2.202687;1.930335;0.518045;0.452376;549.000000;0.855353;243.325000;239.922394;214;255
