No;Filename;Area;Centroid1;Centroid2;MajorAxisLength;MinorAxisLength;CircularShapeFactor;ElongationA;ElongationB;Roundness;Convex Defficiency;Eccentricity;Perimeter;MeanIntensity;MinIntensity;MaxIntensity
1;M-11934b-x40-06.tif;2794;861.035791;175.066213;51.232726;74.101152;1.440252;1.446364;0.691389;0.647868;337.000000;0.722483;224.873000;138.544381;127;169
2;M-11934b-x40-06.tif;973;1510.672148;182.271326;26.783367;48.028971;1.420740;1.793239;0.557650;0.537052;118.000000;0.830076;131.801000;160.643371;132;186
