No;Filename;Area;Centroid1;Centroid2;MajorAxisLength;MinorAxisLength;CircularShapeFactor;ElongationA;ElongationB;Roundness;Convex Defficiency;Eccentricity;Perimeter;MeanIntensity;MinIntensity;MaxIntensity
1;M-11830a-x40-11.tif;1369;93.438276;673.426589;32.081310;58.872211;1.430995;1.835094;0.544931;0.502913;122.000000;0.838481;156.901000;148.490139;128;161
2;M-11830a-x40-11.tif;1149;199.274151;292.026980;29.865114;52.478476;1.482357;1.757183;0.569093;0.531212;173.000000;0.822273;146.299000;160.763272;134;177
3;M-11830a-x40-11.tif;1008;427.957341;302.846230;29.525608;45.306602;1.250303;1.534485;0.651684;0.625241;74.000000;0.758490;125.847000;155.748016;135;172
4;M-11830a-x40-11.tif;1079;560.477294;147.324374;32.964292;42.529284;1.123177;1.290162;0.775096;0.759548;60.000000;0.631843;123.407000;152.776645;129;171
5;M-11830a-x40-11.tif;792;690.906566;211.984848;25.750707;45.205146;1.844939;1.755491;0.569641;0.493469;221.000000;0.821894;135.506000;141.573232;129;162
6;M-11830a-x40-11.tif;3542;806.882552;731.824675;57.243021;95.743023;2.749732;1.672571;0.597882;0.491977;1196.000000;0.801584;349.844000;166.439582;132;183
7;M-11830a-x40-11.tif;430;1222.469767;539.244186;18.577348;34.439075;1.666687;1.853821;0.539426;0.461610;108.000000;0.842033;94.900000;144.541860;131;165
8;M-11830a-x40-11.tif;1284;1467.907321;34.577103;39.618852;41.996684;1.128714;1.060018;0.943380;0.926926;71.000000;0.331713;134.952000;155.609034;132;170
9;M-11830a-x40-11.tif;1562;1480.496799;618.820743;26.508462;77.429357;1.838779;2.920930;0.342357;0.331726;207.000000;0.939570;189.981000;149.094750;130;162
