No;Filename;Area;Centroid1;Centroid2;MajorAxisLength;MinorAxisLength;CircularShapeFactor;ElongationA;ElongationB;Roundness;Convex Defficiency;Eccentricity;Perimeter;MeanIntensity;MinIntensity;MaxIntensity
1;M-11940-x40-08.tif;2075;98.478072;327.325783;41.556996;64.991662;1.364983;1.563916;0.639420;0.625479;162.000000;0.768857;188.659000;215.352771;172;255
2;M-11940-x40-08.tif;544;141.117647;296.056985;26.071542;27.074901;1.066159;1.038485;0.962941;0.944877;22.000000;0.269711;85.372000;211.761029;179;255
3;M-11940-x40-08.tif;1779;404.319280;362.100618;28.473635;93.512128;2.777057;3.284165;0.304491;0.259030;635.000000;0.952515;249.164000;220.965711;165;255
4;M-11940-x40-08.tif;1382;501.441389;36.068741;37.010557;49.282281;1.342501;1.331574;0.750991;0.724497;139.000000;0.660312;152.692000;203.084660;115;255
