No;Filename;Area;Centroid1;Centroid2;MajorAxisLength;MinorAxisLength;CircularShapeFactor;ElongationA;ElongationB;Roundness;Convex Defficiency;Eccentricity;Perimeter;MeanIntensity;MinIntensity;MaxIntensity
1;M-11940-x40-07.tif;909;889.452145;590.973597;29.613409;39.966121;1.158192;1.349595;0.740963;0.724586;57.000000;0.671546;115.021000;87.525853;65;121
2;M-11940-x40-07.tif;1349;1431.716086;313.843588;29.384335;62.340834;1.562961;2.121567;0.471350;0.441954;174.000000;0.881946;162.774000;91.171979;67;123
3;M-11940-x40-07.tif;636;1475.863208;286.970126;18.946169;46.528541;1.761294;2.455828;0.407195;0.374049;98.000000;0.913341;118.645000;83.188679;67;119
4;M-11940-x40-07.tif;585;1491.090598;302.786325;25.510181;30.005463;1.033401;1.176215;0.850185;0.827304;25.000000;0.526485;87.160000;82.405128;61;122
