No;Filename;Area;Centroid1;Centroid2;MajorAxisLength;MinorAxisLength;CircularShapeFactor;ElongationA;ElongationB;Roundness;Convex Defficiency;Eccentricity;Perimeter;MeanIntensity;MinIntensity;MaxIntensity
1;M-11811a-x40-09.tif;2105;388.535867;553.134442;35.875504;75.141979;1.270049;2.094520;0.477436;0.474676;65.000000;0.878666;183.291000;168.505463;62;201
2;M-11811a-x40-09.tif;885;418.578531;747.178531;28.266354;41.909912;1.178354;1.482678;0.674455;0.641534;46.000000;0.738316;114.476000;171.231638;70;205
3;M-11811a-x40-09.tif;676;638.591716;687.409763;24.835281;39.042398;1.569710;1.572054;0.636111;0.564656;116.000000;0.771598;115.475000;97.674556;44;134
4;M-11811a-x40-09.tif;4810;1528.299792;421.227651;64.332782;97.420440;1.287750;1.514320;0.660362;0.645290;228.000000;0.750947;278.993000;154.331393;67;193
