No;Filename;Area;Centroid1;Centroid2;MajorAxisLength;MinorAxisLength;CircularShapeFactor;ElongationA;ElongationB;Roundness;Convex Defficiency;Eccentricity;Perimeter;MeanIntensity;MinIntensity;MaxIntensity
1;M-11830a-x40-11.tif;2020;765.866337;405.333663;44.318196;68.913362;2.106406;1.554968;0.643100;0.541570;556.000000;0.765782;231.234000;0.546903;1.484279e-01;6.848304e-01
2;M-11830a-x40-11.tif;1413;817.995046;721.591649;36.634353;55.113371;1.784844;1.504418;0.664709;0.592295;295.000000;0.747102;178.023000;0.597081;-9.478819e-02;7.512282e-01
