No;Filename;Area;Centroid1;Centroid2;MajorAxisLength;MinorAxisLength;CircularShapeFactor;ElongationA;ElongationB;Roundness;Convex Defficiency;Eccentricity;Perimeter;MeanIntensity;MinIntensity;MaxIntensity
1;M-11830a-x40-11.tif;2598;764.957660;402.011932;54.213518;70.770953;2.433614;1.305412;0.766042;0.660449;643.000000;0.642791;281.871000;245.664742;223;255
2;M-11830a-x40-11.tif;1079;856.047266;633.221501;24.976336;65.917499;2.199598;2.639198;0.378903;0.316177;338.000000;0.925436;172.698000;246.079703;226;255
3;M-11830a-x40-11.tif;563;1538.275311;470.241563;24.564728;29.392069;1.011727;1.196515;0.835760;0.829771;18.000000;0.549094;84.604000;244.246892;225;255
