No;Filename;Area;Centroid1;Centroid2;MajorAxisLength;MinorAxisLength;CircularShapeFactor;ElongationA;ElongationB;Roundness;Convex Defficiency;Eccentricity;Perimeter;MeanIntensity;MinIntensity;MaxIntensity
1;M-11901b-x40-10.tif;1122;443.346702;413.175579;29.664911;58.850432;2.166660;1.983840;0.504073;0.412481;375.000000;0.863661;174.782000;87.649733;16;100
2;M-11901b-x40-10.tif;358;630.268156;809.555866;17.133549;28.155938;1.292946;1.643322;0.608523;0.574981;53.000000;0.793536;76.267000;94.670391;68;100
3;M-11901b-x40-10.tif;3675;1253.852789;413.407619;62.381891;95.506492;2.440169;1.530997;0.653169;0.512981;1244.000000;0.757212;335.694000;93.046531;0;100
4;M-11901b-x40-10.tif;857;1294.794632;352.547258;25.801725;48.801728;1.828930;1.891413;0.528705;0.458164;191.000000;0.848806;140.344000;92.182030;58;100
5;M-11901b-x40-10.tif;911;1309.496158;585.843030;26.084066;45.048104;1.222913;1.727035;0.579027;0.571578;55.000000;0.815308;118.321000;85.818880;53;100
6;M-11901b-x40-10.tif;410;1309.202439;619.609756;17.508019;31.901826;1.454390;1.822127;0.548809;0.512936;55.000000;0.835948;86.564000;82.685366;42;100
7;M-11901b-x40-10.tif;968;1332.282025;667.389463;29.428259;78.038892;4.254934;2.651835;0.377097;0.202378;602.000000;0.926174;227.504000;84.945248;42;100
