No;Filename;Area;Centroid1;Centroid2;MajorAxisLength;MinorAxisLength;CircularShapeFactor;ElongationA;ElongationB;Roundness;Convex Defficiency;Eccentricity;Perimeter;MeanIntensity;MinIntensity;MaxIntensity
1;M-11820b-x40-10.tif;464;186.571121;281.700431;17.452943;40.025334;1.652735;2.293329;0.436047;0.368772;118.000000;0.899924;98.167000;103.894397;83;125
2;M-11820b-x40-10.tif;922;292.167028;109.740781;26.459452;47.104366;1.399266;1.780247;0.561720;0.529077;84.000000;0.827328;127.327000;95.086768;79;126
3;M-11820b-x40-10.tif;1014;445.293886;266.323471;29.240968;46.413208;1.236710;1.587266;0.630014;0.599328;92.000000;0.776584;125.533000;98.357002;83;126
4;M-11820b-x40-10.tif;527;486.066414;277.692600;23.637205;29.070850;1.026803;1.229877;0.813090;0.793972;22.000000;0.582139;82.462000;91.129032;72;125
5;M-11820b-x40-10.tif;1148;698.450348;509.377178;33.706923;44.698907;1.149792;1.326105;0.754088;0.731574;66.000000;0.656773;128.791000;92.428571;71;123
6;M-11820b-x40-10.tif;359;727.654596;497.314763;16.193282;29.792089;1.311245;1.839781;0.543543;0.514995;44.000000;0.839381;76.912000;101.147632;85;122
7;M-11820b-x40-10.tif;1928;1231.456950;548.539419;42.506141;58.824779;1.189135;1.383912;0.722589;0.709409;108.000000;0.691278;169.736000;89.730809;71;122
8;M-11820b-x40-10.tif;1204;1551.352159;328.835548;37.642531;42.337128;1.348878;1.124715;0.889114;0.855251;104.000000;0.457686;142.858000;85.944352;70;120
