No;Filename;Area;Centroid1;Centroid2;MajorAxisLength;MinorAxisLength;CircularShapeFactor;ElongationA;ElongationB;Roundness;Convex Defficiency;Eccentricity;Perimeter;MeanIntensity;MinIntensity;MaxIntensity
1;M-11806-x40-01.tif;3222;493.526071;559.745500;52.093746;80.588356;1.383469;1.546987;0.646418;0.631671;238.000000;0.762984;236.675000;178.438858;107;255
2;M-11806-x40-01.tif;1511;611.947055;773.556585;36.952348;53.679675;1.428902;1.452673;0.688386;0.667659;181.000000;0.725344;164.717000;202.954335;132;255
3;M-11806-x40-01.tif;1136;631.835387;239.868838;30.979587;48.452945;1.304225;1.564028;0.639375;0.616096;109.000000;0.768895;136.449000;196.363556;134;255
4;M-11806-x40-01.tif;818;675.876528;488.608802;31.570974;33.643622;1.024394;1.065650;0.938394;0.920149;22.000000;0.345567;102.616000;197.876528;134;255
5;M-11806-x40-01.tif;1058;688.328922;672.283554;29.291409;47.586504;1.294176;1.624589;0.615540;0.594878;93.000000;0.788105;131.173000;190.029301;78;255
6;M-11806-x40-01.tif;1376;842.545785;635.480378;37.902296;57.458751;1.895194;1.515970;0.659644;0.530660;384.000000;0.751579;181.026000;206.080669;123;255
7;M-11806-x40-01.tif;1290;1082.389147;163.561240;35.746955;53.296779;2.071697;1.490946;0.670715;0.578226;352.000000;0.741715;183.258000;207.622481;152;255
8;M-11806-x40-01.tif;1191;1116.339211;734.261125;30.263282;54.951252;1.688848;1.815773;0.550730;0.502188;234.000000;0.834684;158.985000;194.890008;87;255
