No;Filename;Area;Centroid1;Centroid2;MajorAxisLength;MinorAxisLength;CircularShapeFactor;ElongationA;ElongationB;Roundness;Convex Defficiency;Eccentricity;Perimeter;MeanIntensity;MinIntensity;MaxIntensity
1;M-11811a-x40-09.tif;367;153.117166;280.594005;19.959414;25.786239;1.199116;1.291934;0.774034;0.702749;42.000000;0.633145;74.365000;151.730245;132;166
2;M-11811a-x40-09.tif;900;452.040000;518.706667;28.950043;45.766113;1.893537;1.580865;0.632565;0.547097;228.000000;0.774507;146.340000;147.674444;130;173
3;M-11811a-x40-09.tif;1358;578.179676;570.379971;41.370638;46.119310;1.537493;1.114784;0.897035;0.812913;204.000000;0.441959;161.980000;149.754050;133;166
4;M-11811a-x40-09.tif;2619;607.709813;618.002673;52.162754;70.700804;1.442174;1.355389;0.737796;0.667109;394.000000;0.675024;217.862000;144.205040;123;170
5;M-11811a-x40-09.tif;361;1214.326870;328.756233;12.098610;49.252148;2.392039;4.070893;0.245646;0.189482;138.000000;0.969360;104.170000;140.224377;127;152
6;M-11811a-x40-09.tif;5113;1525.803247;421.746333;65.137668;104.741365;1.583823;1.608000;0.621891;0.593403;633.000000;0.783104;319.004000;161.432427;133;176
