No;Filename;Area;Centroid1;Centroid2;MajorAxisLength;MinorAxisLength;CircularShapeFactor;ElongationA;ElongationB;Roundness;Convex Defficiency;Eccentricity;Perimeter;MeanIntensity;MinIntensity;MaxIntensity
1;M-11934b-x40-06.tif;1426;254.049088;391.715989;38.117194;49.460333;1.311100;1.297586;0.770662;0.742191;130.000000;0.637244;153.279000;192.650771;54;255
2;M-11934b-x40-06.tif;1108;291.162455;296.485560;31.792888;47.761916;1.295376;1.502283;0.665654;0.618424;102.000000;0.746261;134.299000;194.301444;136;255
3;M-11934b-x40-06.tif;1549;777.721756;534.747579;31.645684;63.882941;1.341429;2.018694;0.495370;0.483272;88.000000;0.868682;161.590000;187.032279;10;255
4;M-11934b-x40-06.tif;1505;877.081063;314.832558;35.143395;63.598081;2.050896;1.809674;0.552586;0.473760;281.000000;0.833456;196.945000;207.801329;97;255
