No;Filename;Area;Centroid1;Centroid2;MajorAxisLength;MinorAxisLength;CircularShapeFactor;ElongationA;ElongationB;Roundness;Convex Defficiency;Eccentricity;Perimeter;MeanIntensity;MinIntensity;MaxIntensity
1;M-11820b-x40-05.tif;1328;109.372741;36.299699;30.431741;59.296377;1.587326;1.948504;0.513214;0.480897;201.000000;0.858261;162.756000;102.876506;88;127
2;M-11820b-x40-05.tif;303;226.000000;338.244224;17.730726;22.123424;1.016342;1.247745;0.801446;0.788221;8.000000;0.598067;62.208000;102.844884;86;120
3;M-11820b-x40-05.tif;905;234.878453;518.407735;30.974923;39.691930;1.299212;1.281421;0.780383;0.731399;88.000000;0.625301;121.554000;93.571271;73;126
4;M-11820b-x40-05.tif;2813;242.359047;581.202631;45.781021;83.680327;1.568366;1.827839;0.547094;0.511485;386.000000;0.837071;235.458000;88.577320;68;124
5;M-11820b-x40-05.tif;1650;324.651515;178.553333;37.678508;57.236222;1.388684;1.519068;0.658298;0.641287;133.000000;0.752757;169.687000;117.321212;89;128
6;M-11820b-x40-05.tif;1639;1336.636974;164.084808;32.197873;68.263861;1.666238;2.120136;0.471668;0.447824;318.000000;0.881776;185.252000;95.206223;77;126
