No;Filename;Area;Centroid1;Centroid2;MajorAxisLength;MinorAxisLength;CircularShapeFactor;ElongationA;ElongationB;Roundness;Convex Defficiency;Eccentricity;Perimeter;MeanIntensity;MinIntensity;MaxIntensity
1;M-11804-x40-10.tif;811;934.717633;591.408138;24.475258;44.365405;1.371800;1.812663;0.551674;0.524617;92.000000;0.834060;118.239000;192.134402;30;255
2;M-11804-x40-10.tif;1011;1119.144411;421.331355;36.597438;49.733583;2.198424;1.358936;0.735870;0.520429;383.000000;0.677123;167.123000;205.148368;130;255
