No;Filename;Area;Centroid1;Centroid2;MajorAxisLength;MinorAxisLength;CircularShapeFactor;ElongationA;ElongationB;Roundness;Convex Defficiency;Eccentricity;Perimeter;MeanIntensity;MinIntensity;MaxIntensity
1;M-11830a-x40-04.tif;1501;497.022652;349.325117;36.176374;57.745289;1.542065;1.596216;0.626482;0.573136;221.000000;0.779436;170.548000;182.315789;111;255
2;M-11830a-x40-04.tif;1381;803.686459;195.639392;31.516327;57.475487;1.214853;1.823673;0.548344;0.532278;82.000000;0.836253;145.199000;178.622737;82;255
3;M-11830a-x40-04.tif;2004;830.000998;254.947605;49.108427;57.060243;2.202008;1.161924;0.860642;0.783683;367.000000;0.509211;235.485000;184.010978;36;255
4;M-11830a-x40-04.tif;499;839.384770;212.783567;21.456358;32.283296;1.491593;1.504603;0.664627;0.609614;77.000000;0.747175;96.712000;180.396794;31;255
5;M-11830a-x40-04.tif;2860;911.234266;280.235664;50.159007;78.294731;1.555762;1.560931;0.640643;0.594034;315.000000;0.767839;236.461000;136.196503;41;255
6;M-11830a-x40-04.tif;2136;970.952247;379.591292;44.889605;62.075139;1.487221;1.382840;0.723149;0.705791;203.000000;0.690692;199.799000;183.448034;134;255
