No;Filename;Area;Centroid1;Centroid2;MajorAxisLength;MinorAxisLength;CircularShapeFactor;ElongationA;ElongationB;Roundness;Convex Defficiency;Eccentricity;Perimeter;MeanIntensity;MinIntensity;MaxIntensity
1;M-11822-x40-05.tif;1903;329.848660;203.156595;51.729235;53.796481;2.099551;1.039963;0.961573;0.837223;280.000000;0.274550;224.072000;246.421440;203;255
2;M-11822-x40-05.tif;3414;630.828354;223.238430;63.108821;71.412915;1.659845;1.131584;0.883717;0.852354;385.000000;0.468021;266.852000;246.365847;191;255
3;M-11822-x40-05.tif;2688;697.644717;297.919643;48.765801;78.428652;2.187570;1.608272;0.621786;0.556404;508.000000;0.783188;271.832000;247.383929;227;255
4;M-11822-x40-05.tif;2341;800.795387;424.589919;51.081182;62.447977;1.639236;1.222524;0.817980;0.764319;336.000000;0.575247;219.597000;237.793678;219;255
5;M-11822-x40-05.tif;1534;797.726206;485.531291;36.437516;54.401295;1.372493;1.493002;0.669791;0.659959;116.000000;0.742549;162.657000;243.802477;230;255
6;M-11822-x40-05.tif;1483;807.306136;536.156440;34.605737;56.242546;1.349280;1.625238;0.615295;0.596927;114.000000;0.788297;158.572000;233.192178;204;255
7;M-11822-x40-05.tif;4708;862.080926;493.224724;70.884579;94.529297;2.350168;1.333566;0.749869;0.670832;1063.000000;0.661586;372.883000;236.079864;202;255
8;M-11822-x40-05.tif;1111;862.463546;372.641764;31.544823;47.655724;1.431822;1.510730;0.661931;0.622865;134.000000;0.749564;141.386000;248.327633;235;255
