No;Filename;Area;Centroid1;Centroid2;MajorAxisLength;MinorAxisLength;CircularShapeFactor;ElongationA;ElongationB;Roundness;Convex Defficiency;Eccentricity;Perimeter;MeanIntensity;MinIntensity;MaxIntensity
1;M-11811a-x40-10.tif;1130;298.036283;738.209735;37.717571;39.582411;1.086208;1.049442;0.952887;0.918299;54.000000;0.303325;124.194000;180.712389;155;211
2;M-11811a-x40-10.tif;1043;461.494727;645.246405;30.920818;43.635491;1.094593;1.411201;0.708616;0.697453;31.000000;0.705594;119.777000;188.354746;175;205
3;M-11811a-x40-10.tif;1820;592.012088;796.986264;26.762940;109.165696;2.769704;4.078987;0.245159;0.194451;587.000000;0.969483;251.685000;171.136813;130;221
4;M-11811a-x40-10.tif;1256;554.035828;702.646497;38.193342;42.396273;1.084116;1.110044;0.900866;0.889702;50.000000;0.434098;130.809000;185.174363;160;210
5;M-11811a-x40-10.tif;530;601.000000;141.473585;21.140532;35.459323;1.558692;1.677315;0.596191;0.536692;100.000000;0.802843;101.888000;196.358491;189;206
6;M-11811a-x40-10.tif;391;886.005115;776.670077;15.469184;34.754710;1.363220;2.246706;0.445096;0.412154;59.000000;0.895483;81.842000;189.304348;162;218
7;M-11811a-x40-10.tif;2696;1097.310831;715.365727;49.831048;76.789213;1.722189;1.540991;0.648933;0.582143;567.000000;0.760846;241.549000;176.905415;149;216
8;M-11811a-x40-10.tif;4532;1157.650044;394.028023;58.434221;104.878430;1.839045;1.794812;0.557161;0.524599;733.000000;0.830404;323.628000;181.811121;135;213
9;M-11811a-x40-10.tif;542;1386.346863;588.948339;10.351962;72.521182;3.102107;7.005549;0.142744;0.131214;151.000000;0.989760;145.356000;183.529520;145;224
