No;Filename;Area;Centroid1;Centroid2;MajorAxisLength;MinorAxisLength;CircularShapeFactor;ElongationA;ElongationB;Roundness;Convex Defficiency;Eccentricity;Perimeter;MeanIntensity;MinIntensity;MaxIntensity
1;M-11901b-x40-05.tif;2114;359.755913;94.505203;44.407123;64.170027;1.216156;1.445039;0.692023;0.653658;132.000000;0.721876;179.743000;93.149480;82;121
2;M-11901b-x40-05.tif;3334;853.751350;741.239352;62.234514;89.590713;2.358300;1.439566;0.694654;0.528871;960.000000;0.719344;314.331000;89.175765;62;129
3;M-11901b-x40-05.tif;1026;872.161793;77.405458;28.409816;46.722281;1.154776;1.644582;0.608057;0.598425;53.000000;0.793893;122.019000;98.449318;76;130
4;M-11901b-x40-05.tif;2298;1011.067885;185.767624;47.257836;73.487116;1.740323;1.555025;0.643076;0.541798;386.000000;0.765802;224.179000;87.485640;64;133
5;M-11901b-x40-05.tif;1236;1076.806634;298.680421;35.567253;46.145966;1.351955;1.297428;0.770755;0.739028;157.000000;0.637131;144.909000;86.937702;67;128
6;M-11901b-x40-05.tif;2158;1102.176552;517.062558;43.089138;65.033766;1.296987;1.509284;0.662566;0.649656;145.000000;0.749004;187.542000;91.816960;71;126
7;M-11901b-x40-05.tif;2031;1104.047267;143.183653;48.020758;66.165568;1.910994;1.377853;0.725767;0.590685;537.000000;0.687941;220.846000;103.682422;66;134
8;M-11901b-x40-05.tif;2137;1526.194197;263.798783;45.674689;70.117383;2.067418;1.535147;0.651403;0.553431;637.000000;0.758732;235.625000;86.878802;64;127
