No;Filename;Area;Centroid1;Centroid2;MajorAxisLength;MinorAxisLength;CircularShapeFactor;ElongationA;ElongationB;Roundness;Convex Defficiency;Eccentricity;Perimeter;MeanIntensity;MinIntensity;MaxIntensity
1;M-11811a-x40-10.tif;2358;1024.174724;629.668787;49.335118;78.438423;2.393074;1.589911;0.628966;0.487973;773.000000;0.777433;266.290000;244.577608;221;255
2;M-11811a-x40-10.tif;863;1549.805330;546.173812;25.969171;43.108362;1.245321;1.659982;0.602416;0.591286;64.000000;0.798182;116.212000;248.269988;240;255
