No;Filename;Area;Centroid1;Centroid2;MajorAxisLength;MinorAxisLength;CircularShapeFactor;ElongationA;ElongationB;Roundness;Convex Defficiency;Eccentricity;Perimeter;MeanIntensity;MinIntensity;MaxIntensity
1;M-11822-x40-05.tif;3187;98.547851;458.653906;56.656152;82.128632;2.304461;1.449598;0.689847;0.601593;917.000000;0.723956;303.795000;112.110449;85;130
2;M-11822-x40-05.tif;2240;473.265179;192.986607;49.209934;58.758158;1.090325;1.194030;0.837500;0.826079;68.000000;0.546438;175.189000;93.373661;72;128
3;M-11822-x40-05.tif;2965;500.724452;276.698145;55.279105;75.260223;1.970177;1.361459;0.734506;0.666506;599.000000;0.678602;270.938000;95.584148;73;126
4;M-11822-x40-05.tif;2986;532.842599;182.662760;53.383668;81.777251;2.132457;1.531878;0.652794;0.568506;701.000000;0.757536;282.872000;92.102143;68;125
5;M-11822-x40-05.tif;324;529.456790;349.595679;16.456849;31.463217;1.641424;1.911862;0.523050;0.416724;94.000000;0.852302;81.750000;113.663580;85;127
6;M-11822-x40-05.tif;826;561.784504;306.020581;36.169021;64.865849;3.276478;1.793409;0.557597;0.249953;793.000000;0.830112;184.416000;104.371671;87;130
7;M-11822-x40-05.tif;940;976.645745;268.493617;25.140005;48.568529;1.209832;1.931922;0.517619;0.507374;45.000000;0.855611;119.545000;120.742553;110;129
