No;Filename;Area;Centroid1;Centroid2;MajorAxisLength;MinorAxisLength;CircularShapeFactor;ElongationA;ElongationB;Roundness;Convex Defficiency;Eccentricity;Perimeter;MeanIntensity;MinIntensity;MaxIntensity
1;M-11940-x40-04.tif;958;837.879958;651.178497;27.407030;46.619772;1.307960;1.701015;0.587884;0.561223;81.000000;0.808945;125.483000;86.558455;37;100
2;M-11940-x40-04.tif;1217;955.581758;713.963846;28.659179;76.546282;2.578391;2.670917;0.374403;0.264455;575.000000;0.927266;198.575000;88.707477;35;100
3;M-11940-x40-04.tif;1583;1111.778269;263.192672;36.606201;69.768147;2.148031;1.905911;0.524684;0.414073;527.000000;0.851297;206.712000;84.024637;17;100
4;M-11940-x40-04.tif;984;1556.958333;572.040650;23.327991;55.761639;1.426106;2.390332;0.418352;0.402934;107.000000;0.908285;132.794000;79.931911;2;100
