No;Filename;Area;Centroid1;Centroid2;MajorAxisLength;MinorAxisLength;CircularShapeFactor;ElongationA;ElongationB;Roundness;Convex Defficiency;Eccentricity;Perimeter;MeanIntensity;MinIntensity;MaxIntensity
1;M-11811a-x40-10.tif;1668;593.876499;796.808153;25.556033;103.889277;2.647960;4.065157;0.245993;0.196773;572.000000;0.969272;235.591000;101.279376;50;202
2;M-11811a-x40-10.tif;2971;658.860653;130.403568;59.933850;69.690735;1.518330;1.162794;0.859997;0.778866;490.000000;0.510298;238.089000;122.098620;51;183
3;M-11811a-x40-10.tif;5112;673.424296;66.311815;75.826047;87.521674;1.176597;1.154243;0.866369;0.849708;321.000000;0.499405;274.925000;90.472418;35;203
4;M-11811a-x40-10.tif;5317;724.106263;152.327816;76.374912;89.625383;1.167598;1.173492;0.852157;0.842781;302.000000;0.523286;279.309000;90.253715;37;172
5;M-11811a-x40-10.tif;4460;1156.782960;395.215695;58.606286;102.220513;1.571145;1.744190;0.573332;0.543462;597.000000;0.819323;296.743000;109.883184;32;178
