No;Filename;Area;Centroid1;Centroid2;MajorAxisLength;MinorAxisLength;CircularShapeFactor;ElongationA;ElongationB;Roundness;Convex Defficiency;Eccentricity;Perimeter;MeanIntensity;MinIntensity;MaxIntensity
1;M-11783-x40-06.tif;1064;46.285714;434.017857;34.515991;40.285097;1.190586;1.167143;0.856793;0.834762;72.000000;0.515660;126.170000;196.454887;88;255
2;M-11783-x40-06.tif;2314;145.057044;555.484010;47.571306;86.038943;2.147629;1.808631;0.552904;0.398000;733.000000;0.833245;249.900000;184.621003;105;255
3;M-11783-x40-06.tif;882;133.690476;464.471655;32.757936;35.153470;1.202942;1.073128;0.931855;0.908746;79.000000;0.362831;115.468000;202.721088;142;255
4;M-11783-x40-06.tif;899;143.593993;724.041157;32.519438;37.857894;1.522673;1.164162;0.858987;0.798651;156.000000;0.511997;131.156000;213.384872;160;255
5;M-11783-x40-06.tif;997;166.457372;588.428285;32.293747;42.867132;1.302780;1.327413;0.753345;0.690807;118.000000;0.657625;127.758000;176.964895;93;255
6;M-11783-x40-06.tif;546;487.631868;809.097070;25.767624;27.227366;1.022933;1.056650;0.946387;0.937760;14.000000;0.323035;83.777000;204.298535;130;255
7;M-11783-x40-06.tif;1444;811.112188;377.202216;39.067824;48.351132;1.341271;1.237620;0.808002;0.786437;123.000000;0.589179;156.008000;179.173823;64;255
