No;Filename;Area;Centroid1;Centroid2;MajorAxisLength;MinorAxisLength;CircularShapeFactor;ElongationA;ElongationB;Roundness;Convex Defficiency;Eccentricity;Perimeter;MeanIntensity;MinIntensity;MaxIntensity
1;M-11940-x40-11.tif;2639;287.826070;193.859038;45.883114;74.853651;1.310880;1.631399;0.612971;0.599685;193.000000;0.790105;208.500000;115.759379;67;126
2;M-11940-x40-11.tif;3015;1215.513433;70.875622;53.892956;75.435510;1.476118;1.399729;0.714424;0.674599;358.000000;0.699713;236.488000;82.947927;64;121
3;M-11940-x40-11.tif;935;1201.644920;248.586096;21.902007;56.772430;1.430110;2.592111;0.385786;0.369357;52.000000;0.922588;129.627000;85.829947;69;124
4;M-11940-x40-11.tif;2626;1243.373953;125.185072;53.147617;66.771560;1.371854;1.256342;0.795962;0.749932;254.000000;0.605347;212.768000;78.038081;65;125
5;M-11940-x40-11.tif;3290;1242.771125;179.429787;60.015500;85.426042;1.856459;1.423400;0.702543;0.574018;873.000000;0.711641;277.042000;80.784498;69;124
