No;Filename;Area;Centroid1;Centroid2;MajorAxisLength;MinorAxisLength;CircularShapeFactor;ElongationA;ElongationB;Roundness;Convex Defficiency;Eccentricity;Perimeter;MeanIntensity;MinIntensity;MaxIntensity
1;M-11783-x40-11.tif;613;860.911909;247.055465;24.358982;32.908165;1.134548;1.350966;0.740211;0.720715;38.000000;0.672375;93.486000;247.781403;220;255
2;M-11783-x40-11.tif;380;871.242105;216.431579;16.368878;34.412177;1.914714;2.102293;0.475671;0.408573;82.000000;0.879623;95.620000;249.431579;238;255
3;M-11783-x40-11.tif;2094;1002.723973;460.613658;53.261236;55.718013;2.473078;1.046127;0.955907;0.858807;442.000000;0.293670;255.101000;251.244986;234;255
4;M-11783-x40-11.tif;625;1094.036800;141.896000;25.844366;31.161616;1.010302;1.205741;0.829365;0.819502;24.000000;0.558707;89.078000;242.539200;204;255
5;M-11783-x40-11.tif;711;1202.473980;164.156118;28.709786;31.669087;0.970399;1.103076;0.906556;0.902628;14.000000;0.422087;93.114000;234.085795;207;255
6;M-11783-x40-11.tif;1029;1320.402332;216.744412;35.519481;38.540105;1.266993;1.085041;0.921624;0.882063;81.000000;0.388084;127.997000;249.985423;233;255
