No;Filename;Area;Centroid1;Centroid2;MajorAxisLength;MinorAxisLength;CircularShapeFactor;ElongationA;ElongationB;Roundness;Convex Defficiency;Eccentricity;Perimeter;MeanIntensity;MinIntensity;MaxIntensity
1;M-11830a-x40-02.tif;999;983.287287;759.159159;31.481011;44.334122;1.737649;1.408281;0.710085;0.647142;159.000000;0.704116;147.696000;0.473492;2.831085e-01;7.977569e-01
2;M-11830a-x40-02.tif;2052;1065.612086;730.741228;39.232609;73.195443;1.744149;1.865679;0.535998;0.487663;353.000000;0.844219;212.073000;0.416898;2.462616e-01;9.596968e-01
