No;Filename;Area;Centroid1;Centroid2;MajorAxisLength;MinorAxisLength;CircularShapeFactor;ElongationA;ElongationB;Roundness;Convex Defficiency;Eccentricity;Perimeter;MeanIntensity;MinIntensity;MaxIntensity
1;M-11830a-x40-06.tif;639;105.064163;550.237872;25.404568;33.078601;1.167954;1.302073;0.768006;0.743561;38.000000;0.640443;96.843000;147.338028;132;158
2;M-11830a-x40-06.tif;423;321.293144;448.392435;18.395342;60.255361;3.089299;3.275577;0.305290;0.148340;365.000000;0.952260;128.146000;146.555556;127;171
3;M-11830a-x40-06.tif;852;361.327465;622.698357;32.559216;34.020887;1.116281;1.044893;0.957036;0.937256;47.000000;0.289969;109.323000;157.233568;136;169
4;M-11830a-x40-06.tif;343;653.081633;162.597668;9.960736;54.947379;2.551663;5.516397;0.181278;0.144647;119.000000;0.983432;104.873000;152.335277;134;169
5;M-11830a-x40-06.tif;958;736.364301;150.042797;30.929640;41.081780;1.269965;1.328233;0.752880;0.722732;91.000000;0.658158;123.647000;154.489562;131;169
6;M-11830a-x40-06.tif;821;880.110840;753.079172;28.284095;37.801743;1.122078;1.336502;0.748222;0.731526;46.000000;0.663448;107.594000;152.214373;132;165
7;M-11830a-x40-06.tif;785;1276.194904;676.491720;30.974225;32.592451;1.042658;1.052244;0.950350;0.940905;34.000000;0.311184;101.417000;151.798726;123;176
8;M-11830a-x40-06.tif;3067;1356.226280;216.433649;52.040085;77.587994;1.404433;1.490927;0.670723;0.648686;302.000000;0.741708;232.655000;156.451907;131;166
9;M-11830a-x40-06.tif;877;1491.401368;164.635120;27.370183;41.641704;1.252265;1.521426;0.657278;0.643951;71.000000;0.753648;117.477000;156.795895;131;169
