No;Filename;Area;Centroid1;Centroid2;MajorAxisLength;MinorAxisLength;CircularShapeFactor;ElongationA;ElongationB;Roundness;Convex Defficiency;Eccentricity;Perimeter;MeanIntensity;MinIntensity;MaxIntensity
1;M-11940-x40-10.tif;786;102.769720;316.101781;26.588685;38.918943;1.177278;1.463741;0.683181;0.660710;44.000000;0.730249;107.834000;82.758270;68;114
2;M-11940-x40-10.tif;916;679.014192;299.954148;24.502804;48.769196;1.249603;1.990352;0.502424;0.490359;43.000000;0.864622;119.933000;87.828603;68;123
3;M-11940-x40-10.tif;999;940.611612;625.846847;31.091695;41.351241;1.113003;1.329977;0.751893;0.743873;50.000000;0.659286;118.205000;83.845846;71;111
4;M-11940-x40-10.tif;813;1078.495695;405.767528;29.689650;35.222668;1.034212;1.186362;0.842913;0.834365;31.000000;0.538050;102.791000;80.830258;70;115
5;M-11940-x40-10.tif;1262;1095.954834;435.680666;36.037330;45.599922;1.207700;1.265352;0.790294;0.772754;115.000000;0.612728;138.393000;82.814580;64;117
6;M-11940-x40-10.tif;1608;1259.306592;764.243159;31.107723;72.933207;1.748153;2.344537;0.426523;0.384898;306.000000;0.904477;187.948000;102.689055;70;123
7;M-11940-x40-10.tif;683;1250.812592;671.417277;27.753730;31.659625;1.003358;1.140734;0.876629;0.867600;20.000000;0.481168;92.799000;83.092240;70;117
8;M-11940-x40-10.tif;843;1276.128114;683.307236;31.080548;37.647031;1.345118;1.211273;0.825578;0.757314;135.000000;0.564288;119.371000;82.682088;63;114
