No;Filename;Area;Centroid1;Centroid2;MajorAxisLength;MinorAxisLength;CircularShapeFactor;ElongationA;ElongationB;Roundness;Convex Defficiency;Eccentricity;Perimeter;MeanIntensity;MinIntensity;MaxIntensity
1;M-11811a-x40-10.tif;2595;286.543353;733.620809;46.038259;75.299986;1.308047;1.635596;0.611398;0.582717;316.000000;0.791323;206.531000;0.497135;1.863500e-01;8.247260e-01
2;M-11811a-x40-10.tif;2556;462.078247;638.857199;53.419940;62.781846;1.339088;1.175251;0.850882;0.825663;221.000000;0.525357;207.391000;0.491414;1.752290e-01;7.582751e-01
3;M-11811a-x40-10.tif;4003;544.615788;686.604297;62.934159;100.723016;2.797308;1.600451;0.624824;0.502387;1193.000000;0.780766;375.118000;0.458503;1.313366e-01;7.210858e-01
4;M-11811a-x40-10.tif;5666;683.270385;354.836569;62.599444;158.534807;3.922451;2.532527;0.394862;0.287037;3225.000000;0.918740;528.472000;0.396333;1.564338e-01;6.520753e-01
5;M-11811a-x40-10.tif;2172;682.851750;705.930018;50.552313;55.212802;1.091989;1.092191;0.915590;0.907174;98.000000;0.402112;172.641000;0.486253;1.874884e-01;6.811876e-01
6;M-11811a-x40-10.tif;5060;1157.616601;396.409486;61.568362;111.088639;1.685250;1.804314;0.554227;0.522061;747.000000;0.832365;327.350000;0.531494;2.085028e-01;8.010763e-01
7;M-11811a-x40-10.tif;383;1472.892950;586.383812;19.463444;26.100337;1.128656;1.340993;0.745716;0.715841;25.000000;0.666264;73.703000;0.510290;3.672592e-01;7.041251e-01
