No;Filename;Area;Centroid1;Centroid2;MajorAxisLength;MinorAxisLength;CircularShapeFactor;ElongationA;ElongationB;Roundness;Convex Defficiency;Eccentricity;Perimeter;MeanIntensity;MinIntensity;MaxIntensity
1;M-11934b-x40-01.tif;1365;684.749451;301.913553;36.709736;48.841234;1.180022;1.330471;0.751614;0.728567;79.000000;0.659604;142.271000;91.288645;77;125
2;M-11934b-x40-01.tif;1184;1136.627534;138.548142;30.673118;50.339813;1.219097;1.641170;0.609321;0.594893;84.000000;0.792923;134.679000;92.905405;71;123
3;M-11934b-x40-01.tif;844;1175.492891;130.704976;28.466263;39.049453;1.392562;1.371780;0.728980;0.704730;54.000000;0.684535;121.530000;96.693128;69;129
4;M-11934b-x40-01.tif;1474;1217.702849;355.727273;25.832303;76.253390;1.639130;2.951862;0.338769;0.322767;157.000000;0.940869;174.245000;91.574627;63;123
5;M-11934b-x40-01.tif;2600;1264.730769;183.795385;42.315451;102.296340;2.265307;2.417470;0.413656;0.316347;851.000000;0.910433;272.054000;95.599231;76;127
6;M-11934b-x40-01.tif;994;1262.883300;327.454728;33.797630;38.655984;1.136692;1.143748;0.874318;0.846960;61.000000;0.485353;119.157000;94.721328;75;123
7;M-11934b-x40-01.tif;680;1269.932353;550.691176;17.024949;60.170110;2.156970;3.534232;0.282947;0.239143;195.000000;0.959136;135.763000;102.579412;75;127
8;M-11934b-x40-01.tif;3661;1332.056269;528.022671;66.286778;70.663735;1.070743;1.066031;0.938059;0.933505;104.000000;0.346475;221.946000;92.227807;71;131
9;M-11934b-x40-01.tif;931;1424.153598;787.201933;30.658919;39.913069;1.167053;1.301842;0.768142;0.744097;76.000000;0.640279;116.849000;92.569280;65;126
