No;Filename;Area;Centroid1;Centroid2;MajorAxisLength;MinorAxisLength;CircularShapeFactor;ElongationA;ElongationB;Roundness;Convex Defficiency;Eccentricity;Perimeter;MeanIntensity;MinIntensity;MaxIntensity
1;M-11940-x40-11.tif;2639;287.826070;193.859038;45.883114;74.853651;1.310880;1.631399;0.612971;0.599685;193.000000;0.790105;208.500000;139.240621;129;188
2;M-11940-x40-11.tif;3015;1215.513433;70.875622;53.892956;75.435510;1.476118;1.399729;0.714424;0.674599;358.000000;0.699713;236.488000;172.052073;134;191
3;M-11940-x40-11.tif;935;1201.644920;248.586096;21.902007;56.772430;1.430110;2.592111;0.385786;0.369357;52.000000;0.922588;129.627000;169.170053;131;186
4;M-11940-x40-11.tif;2629;1243.383796;125.149486;53.227501;66.788776;1.376259;1.254779;0.796953;0.750402;262.000000;0.604042;213.231000;176.921643;130;190
5;M-11940-x40-11.tif;3290;1242.771125;179.429787;60.015500;85.426042;1.856459;1.423400;0.702543;0.574018;873.000000;0.711641;277.042000;174.215502;131;186
