No;Filename;Area;Centroid1;Centroid2;MajorAxisLength;MinorAxisLength;CircularShapeFactor;ElongationA;ElongationB;Roundness;Convex Defficiency;Eccentricity;Perimeter;MeanIntensity;MinIntensity;MaxIntensity
1;M-11940-x40-04.tif;857;90.353559;690.942824;24.578917;44.875465;1.134081;1.825771;0.547714;0.541842;35.000000;0.836666;110.514000;167.319720;131;188
2;M-11940-x40-04.tif;989;410.876643;583.128413;31.560064;42.436777;1.276998;1.344635;0.743696;0.699233;85.000000;0.668518;125.979000;138.036400;127;169
3;M-11940-x40-04.tif;991;489.926337;236.528759;29.585734;45.849023;1.351171;1.549700;0.645286;0.600238;108.000000;0.763941;129.717000;168.091826;131;185
4;M-11940-x40-04.tif;932;1127.549356;536.979614;26.990688;45.063181;1.142018;1.669583;0.598952;0.584362;63.000000;0.800785;115.651000;172.491416;130;196
5;M-11940-x40-04.tif;1242;1543.747182;711.562802;29.602729;55.558735;1.282467;1.876811;0.532819;0.512303;119.000000;0.846229;141.478000;170.025765;128;187
