No;Filename;Area;Centroid1;Centroid2;MajorAxisLength;MinorAxisLength;CircularShapeFactor;ElongationA;ElongationB;Roundness;Convex Defficiency;Eccentricity;Perimeter;MeanIntensity;MinIntensity;MaxIntensity
1;M-11806-x40-01.tif;483;618.894410;131.113872;19.042518;41.077954;1.646018;2.157170;0.463570;0.364451;129.000000;0.886060;99.953000;121.927536;45;211
2;M-11806-x40-01.tif;393;629.949109;104.379135;17.888617;30.801293;1.266283;1.721838;0.580775;0.527430;34.000000;0.814064;79.080000;128.829517;24;208
3;M-11806-x40-01.tif;586;920.846416;303.974403;19.720823;46.853952;1.828019;2.375862;0.420900;0.339872;203.000000;0.907107;116.023000;168.646758;109;186
4;M-11806-x40-01.tif;2616;1058.599771;438.517966;44.545645;80.389788;1.353319;1.804661;0.554121;0.515402;236.000000;0.832436;210.923000;112.390291;42;184
5;M-11806-x40-01.tif;507;1083.591716;524.189349;22.437069;29.212205;0.987300;1.301962;0.768072;0.756466;10.000000;0.640364;79.311000;147.796844;113;215
6;M-11806-x40-01.tif;1552;1093.756443;437.708119;40.002237;59.568207;1.562707;1.489122;0.671537;0.556894;139.000000;0.740971;174.578000;120.948454;73;176
7;M-11806-x40-01.tif;2463;1109.563946;481.808770;49.049766;64.850221;1.129698;1.322131;0.756355;0.745678;132.000000;0.654162;186.990000;110.721884;39;186
8;M-11806-x40-01.tif;1134;1438.597884;753.520282;33.676178;44.671546;1.339361;1.326503;0.753862;0.723538;121.000000;0.657033;138.153000;108.039683;42;213
