No;Filename;Area;Centroid1;Centroid2;MajorAxisLength;MinorAxisLength;CircularShapeFactor;ElongationA;ElongationB;Roundness;Convex Defficiency;Eccentricity;Perimeter;MeanIntensity;MinIntensity;MaxIntensity
1;M-11783-x40-06.tif;1453;48.681349;431.345492;40.036160;48.523343;1.519086;1.211988;0.825091;0.785732;120.000000;0.565000;166.544000;0.567136;3.077523e-01;7.705494e-01
2;M-11783-x40-06.tif;1689;131.519242;467.256365;40.397879;56.285184;1.662404;1.393271;0.717736;0.678815;220.000000;0.696316;187.840000;0.552083;3.617166e-01;6.993210e-01
3;M-11783-x40-06.tif;4455;150.880808;567.541863;64.545298;106.549008;2.689246;1.650763;0.605780;0.499642;1206.000000;0.795632;388.011000;0.600737;2.988240e-01;7.737430e-01
4;M-11783-x40-06.tif;1353;142.599409;724.702143;38.523569;45.223605;1.106231;1.173920;0.851846;0.842321;59.000000;0.523792;137.144000;0.541493;3.317102e-01;6.595042e-01
5;M-11783-x40-06.tif;1130;242.749558;513.712389;32.054039;48.355545;1.660438;1.508563;0.662882;0.615313;207.000000;0.748724;153.552000;0.534458;2.650230e-01;6.715350e-01
6;M-11783-x40-06.tif;545;488.165138;809.407339;25.488672;27.346006;0.950536;1.072869;0.932080;0.927938;12.000000;0.362252;80.684000;0.558313;5.280294e-03;7.134193e-01
7;M-11783-x40-06.tif;1602;812.630462;375.915730;41.484658;50.086472;1.165050;1.207349;0.828261;0.813077;93.000000;0.560343;153.147000;0.604249;1.192929e-01;8.040649e-01
