No;Filename;Area;Centroid1;Centroid2;MajorAxisLength;MinorAxisLength;CircularShapeFactor;ElongationA;ElongationB;Roundness;Convex Defficiency;Eccentricity;Perimeter;MeanIntensity;MinIntensity;MaxIntensity
1;M-11897-x40-05.tif;1326;206.584465;237.446456;32.374831;54.245405;1.479114;1.675543;0.596822;0.573757;135.000000;0.802374;156.992000;195.914027;59;255
2;M-11897-x40-05.tif;646;982.012384;686.227554;25.909995;32.385547;1.052338;1.249925;0.800048;0.784224;26.000000;0.599936;92.427000;172.414861;104;255
3;M-11897-x40-05.tif;453;1006.108168;683.355408;23.349664;24.971373;0.973848;1.069453;0.935057;0.924961;10.000000;0.354497;74.456000;185.982340;122;255
