No;Filename;Area;Centroid1;Centroid2;MajorAxisLength;MinorAxisLength;CircularShapeFactor;ElongationA;ElongationB;Roundness;Convex Defficiency;Eccentricity;Perimeter;MeanIntensity;MinIntensity;MaxIntensity
1;M-11940-x40-08.tif;1480;501.745946;35.181081;38.682684;50.898334;1.547282;1.315791;0.759999;0.727386;193.000000;0.649924;169.637000;239.187838;211;255
2;M-11940-x40-08.tif;1421;853.306826;516.348346;35.866392;59.480973;2.253345;1.658404;0.602989;0.511385;338.000000;0.797749;200.593000;247.182970;220;255
3;M-11940-x40-08.tif;1590;1006.642767;455.250314;43.138224;52.618566;2.007017;1.219767;0.819829;0.731188;310.000000;0.572608;200.253000;249.022013;231;255
