No;Filename;Area;Centroid1;Centroid2;MajorAxisLength;MinorAxisLength;CircularShapeFactor;ElongationA;ElongationB;Roundness;Convex Defficiency;Eccentricity;Perimeter;MeanIntensity;MinIntensity;MaxIntensity
1;M-11940-x40-11.tif;1397;515.525412;615.918397;33.311459;57.877047;1.373930;1.737452;0.575556;0.530999;136.000000;0.817763;155.305000;173.072298;90;255
2;M-11940-x40-11.tif;1432;749.793296;265.437849;42.688104;45.829708;1.426191;1.073594;0.931450;0.868078;184.000000;0.363868;160.201000;196.873603;140;255
3;M-11940-x40-11.tif;984;778.117886;464.980691;34.733864;39.917561;1.520691;1.149240;0.870140;0.786280;147.000000;0.492805;137.127000;205.588415;152;255
4;M-11940-x40-11.tif;616;806.813312;452.435065;23.354471;37.499262;1.572123;1.605657;0.622798;0.557757;122.000000;0.782383;110.316000;214.665584;179;255
5;M-11940-x40-11.tif;1293;872.713070;458.502707;32.684102;55.872719;1.357495;1.709477;0.584974;0.527362;154.000000;0.811052;148.516000;191.610209;96;255
6;M-11940-x40-11.tif;3035;931.231301;465.397364;56.781868;71.705549;1.606783;1.262825;0.791876;0.751559;295.000000;0.610683;247.550000;203.888633;142;255
7;M-11940-x40-11.tif;936;931.196581;308.220085;31.829672;38.867846;1.304339;1.221120;0.818920;0.788869;113.000000;0.573907;123.862000;202.405983;144;255
