No;Filename;Area;Centroid1;Centroid2;MajorAxisLength;MinorAxisLength;CircularShapeFactor;ElongationA;ElongationB;Roundness;Convex Defficiency;Eccentricity;Perimeter;MeanIntensity;MinIntensity;MaxIntensity
1;M-11830a-x40-03.tif;320;938.000000;560.671875;13.230637;42.033846;2.339826;3.177008;0.314762;0.230601;114.000000;0.949171;97.000000;144.962500;131;156
2;M-11830a-x40-03.tif;1051;1048.851570;32.093245;34.046487;41.392753;1.279403;1.215772;0.822523;0.781024;89.000000;0.568732;129.990000;149.528069;133;162
3;M-11830a-x40-03.tif;1235;1082.800000;60.820243;27.557034;60.090954;1.388178;2.180603;0.458589;0.435471;123.000000;0.888649;146.778000;148.396761;133;157
4;M-11830a-x40-03.tif;623;1152.146067;488.892456;19.633201;44.672919;1.786729;2.275376;0.439488;0.397475;144.000000;0.898249;118.271000;143.953451;134;166
5;M-11830a-x40-03.tif;315;1217.923810;32.161905;18.879806;23.499396;1.332857;1.244684;0.803417;0.726285;47.000000;0.595417;72.636000;144.187302;131;156
6;M-11830a-x40-03.tif;1479;1442.812711;158.013523;36.017925;55.533167;1.521864;1.541820;0.648584;0.610623;245.000000;0.761143;168.181000;135.896552;128;160
