No;Filename;Area;Centroid1;Centroid2;MajorAxisLength;MinorAxisLength;CircularShapeFactor;ElongationA;ElongationB;Roundness;Convex Defficiency;Eccentricity;Perimeter;MeanIntensity;MinIntensity;MaxIntensity
1;M-11934b-x40-06.tif;579;42.504318;30.027634;26.202787;28.459086;0.990502;1.086109;0.920718;0.910221;21.000000;0.390229;84.893000;86.884283;66;117
2;M-11934b-x40-06.tif;1191;151.507137;127.036104;34.410130;44.256392;1.011989;1.286144;0.777518;0.774230;29.000000;0.628861;123.069000;90.082284;71;113
3;M-11934b-x40-06.tif;2795;861.028980;175.073703;51.252539;74.098777;1.439736;1.445758;0.691679;0.648142;337.000000;0.722205;224.873000;116.446154;86;128
4;M-11934b-x40-06.tif;973;1510.672148;182.271326;26.783367;48.028971;1.420740;1.793239;0.557650;0.537052;118.000000;0.830076;131.801000;94.356629;69;123
