No;Filename;Area;Centroid1;Centroid2;MajorAxisLength;MinorAxisLength;CircularShapeFactor;ElongationA;ElongationB;Roundness;Convex Defficiency;Eccentricity;Perimeter;MeanIntensity;MinIntensity;MaxIntensity
1;M-11804-x40-10.tif;1385;876.255596;761.031047;34.787526;51.903660;1.296259;1.492019;0.670233;0.654582;141.000000;0.742151;150.202000;0.548003;4.304159e-01;6.453140e-01
2;M-11804-x40-10.tif;1020;933.908824;589.531373;27.638343;50.237287;1.603862;1.817666;0.550156;0.514586;166.000000;0.835062;143.380000;0.591427;-1.704833e-01;8.179079e-01
3;M-11804-x40-10.tif;1327;1121.880934;426.475509;30.050766;61.611097;1.801385;2.050234;0.487749;0.445106;227.000000;0.872984;173.318000;0.560762;2.063794e-01;7.204038e-01
4;M-11804-x40-10.tif;311;1137.466238;410.967846;18.877750;21.908874;1.092516;1.160566;0.861649;0.824955;22.000000;0.507505;65.343000;0.556359;4.128029e-01;6.809617e-01
5;M-11804-x40-10.tif;1047;1176.250239;462.847182;34.465566;39.177191;1.181357;1.136705;0.879736;0.868541;69.000000;0.475463;124.672000;0.540489;2.171291e-01;7.012599e-01
