No;Filename;Area;Centroid1;Centroid2;MajorAxisLength;MinorAxisLength;CircularShapeFactor;ElongationA;ElongationB;Roundness;Convex Defficiency;Eccentricity;Perimeter;MeanIntensity;MinIntensity;MaxIntensity
1;M-11820b-x40-05.tif;1327;109.368500;36.289375;30.405460;59.315746;1.579497;1.950825;0.512604;0.480221;202.000000;0.858625;162.293000;152.137905;128;167
2;M-11820b-x40-05.tif;303;226.000000;338.244224;17.730726;22.123424;1.016342;1.247745;0.801446;0.788221;8.000000;0.598067;62.208000;152.155116;135;169
3;M-11820b-x40-05.tif;928;234.904095;518.812500;31.174344;40.454274;1.314521;1.297678;0.770607;0.721987;91.000000;0.637311;123.812000;161.337284;129;182
4;M-11820b-x40-05.tif;2818;242.489709;581.571327;46.244848;82.814356;1.548475;1.790780;0.558416;0.523166;375.000000;0.829561;234.168000;166.282470;131;187
5;M-11820b-x40-05.tif;1648;324.653519;178.537621;37.645252;57.218496;1.387388;1.519939;0.657921;0.640906;135.000000;0.753087;169.505000;137.657767;127;165
6;M-11820b-x40-05.tif;339;786.728614;546.330383;10.965506;45.228177;2.131812;4.124587;0.242449;0.211004;108.000000;0.970164;95.297000;152.171091;128;171
7;M-11820b-x40-05.tif;1642;1336.669306;164.149208;32.244822;68.356834;1.688083;2.119932;0.471713;0.447424;328.000000;0.881752;186.633000;159.750305;129;178
