No;Filename;Area;Centroid1;Centroid2;MajorAxisLength;MinorAxisLength;CircularShapeFactor;ElongationA;ElongationB;Roundness;Convex Defficiency;Eccentricity;Perimeter;MeanIntensity;MinIntensity;MaxIntensity
1;M-11830a-x40-03.tif;1387;647.785148;433.060562;32.021612;56.482636;1.284602;1.763891;0.566928;0.553550;96.000000;0.823767;149.633000;0.567955;4.029652e-01;6.768864e-01
2;M-11830a-x40-03.tif;1505;660.988704;560.443854;35.835885;57.428119;1.424236;1.602531;0.624013;0.581028;155.000000;0.781414;164.121000;0.540106;3.052397e-01;6.715102e-01
3;M-11830a-x40-03.tif;1537;671.864671;466.675992;41.928522;52.706841;1.674738;1.257064;0.795504;0.704450;263.000000;0.605948;179.852000;0.547525;4.058937e-01;7.126150e-01
4;M-11830a-x40-03.tif;471;1426.191083;178.225053;23.525315;25.603572;0.935600;1.088341;0.918829;0.914808;10.000000;0.394655;74.415000;0.597392;1.590563e-01;7.311665e-01
