No;Filename;Area;Centroid1;Centroid2;MajorAxisLength;MinorAxisLength;CircularShapeFactor;ElongationA;ElongationB;Roundness;Convex Defficiency;Eccentricity;Perimeter;MeanIntensity;MinIntensity;MaxIntensity
1;M-11940-x40-09.tif;830;519.479518;189.986747;23.972002;45.333147;1.186280;1.891087;0.528796;0.514229;32.000000;0.848749;111.234000;166.681928;131;183
2;M-11940-x40-09.tif;804;543.560945;307.689055;24.562244;42.006932;1.102557;1.710224;0.584719;0.580129;23.000000;0.811236;105.544000;169.633085;136;185
3;M-11940-x40-09.tif;865;560.035838;345.627746;28.799252;39.089976;1.130496;1.357326;0.736743;0.720768;55.000000;0.676173;110.853000;166.381503;132;185
4;M-11940-x40-09.tif;1068;690.647004;721.771536;24.645620;56.939654;1.384237;2.310336;0.432838;0.419423;51.000000;0.901472;136.300000;164.796816;131;179
5;M-11940-x40-09.tif;918;888.738562;471.373638;29.906193;41.440305;1.183235;1.385676;0.721669;0.680623;53.000000;0.692238;116.832000;166.173203;140;181
