No;Filename;Area;Centroid1;Centroid2;MajorAxisLength;MinorAxisLength;CircularShapeFactor;ElongationA;ElongationB;Roundness;Convex Defficiency;Eccentricity;Perimeter;MeanIntensity;MinIntensity;MaxIntensity
1;B-11865-x40-03.tif;395;502.724051;603.270886;19.246749;45.595291;2.452071;2.368987;0.422121;0.241917;264.000000;0.906539;110.324000;176.043038;21;255
2;B-11865-x40-03.tif;342;927.327485;672.307018;18.315804;25.963034;1.291655;1.417521;0.705457;0.645989;34.000000;0.708753;74.506000;136.485380;0;255
3;B-11865-x40-03.tif;3314;992.854255;461.068497;49.803343;102.088348;3.547634;2.049829;0.487846;0.404865;1642.000000;0.872930;384.371000;154.029572;21;255
4;B-11865-x40-03.tif;1717;1156.719278;636.762376;44.591776;49.153571;0.999738;1.102301;0.907193;0.904837;44.000000;0.420715;146.870000;107.465347;21;244
