No;Filename;Area;Centroid1;Centroid2;MajorAxisLength;MinorAxisLength;CircularShapeFactor;ElongationA;ElongationB;Roundness;Convex Defficiency;Eccentricity;Perimeter;MeanIntensity;MinIntensity;MaxIntensity
1;B-11930-x40-05.tif;1204;719.697674;513.346346;34.017784;45.635442;1.039774;1.341517;0.745425;0.736092;56.000000;0.666590;125.426000;43.163621;0;206
2;B-11930-x40-05.tif;1580;802.337342;499.329114;40.318518;50.033010;0.993449;1.240944;0.805838;0.803626;19.000000;0.592136;140.445000;42.913924;0;173
3;B-11930-x40-05.tif;1605;838.277259;441.527103;41.379172;49.747678;1.042224;1.202240;0.831781;0.825733;50.000000;0.555104;144.985000;52.693458;0;165
4;B-11930-x40-05.tif;1527;859.972495;380.373281;37.792515;51.724691;1.025399;1.368649;0.730647;0.726697;27.000000;0.682755;140.272000;69.258022;0;189
5;B-11930-x40-05.tif;1430;870.439860;464.834266;37.108931;49.220441;1.008913;1.326377;0.753933;0.751545;31.000000;0.656951;134.648000;45.335664;0;222
6;B-11930-x40-05.tif;3107;904.325072;382.354683;49.322768;85.536873;1.412707;1.734227;0.576626;0.540685;263.000000;0.817008;234.856000;55.844545;0;181
7;B-11930-x40-05.tif;1369;946.065741;380.788167;35.083007;51.040883;1.098602;1.454861;0.687351;0.669079;91.000000;0.726325;137.476000;42.273923;0;165
8;B-11930-x40-05.tif;1237;982.174616;321.382377;37.534680;42.109101;0.980383;1.121872;0.891367;0.888235;25.000000;0.453282;123.449000;43.550525;0;206
