No;Filename;Area;Centroid1;Centroid2;MajorAxisLength;MinorAxisLength;CircularShapeFactor;ElongationA;ElongationB;Roundness;Convex Defficiency;Eccentricity;Perimeter;MeanIntensity;MinIntensity;MaxIntensity
1;B-11704-x40-06.tif;3345;729.548580;600.272048;64.262806;67.628499;1.232114;1.052374;0.950233;0.931208;212.000000;0.311541;227.577000;80.792825;0;231
2;B-11704-x40-06.tif;2605;800.670250;336.258349;51.720817;73.679896;2.035035;1.424569;0.701966;0.610970;706.000000;0.712210;258.104000;107.183877;0;231
3;B-11704-x40-06.tif;6212;1132.495976;620.914842;70.650559;120.264655;1.456241;1.702246;0.587459;0.546847;962.000000;0.809254;337.161000;97.862363;0;219
