No;Filename;Area;Centroid1;Centroid2;MajorAxisLength;MinorAxisLength;CircularShapeFactor;ElongationA;ElongationB;Roundness;Convex Defficiency;Eccentricity;Perimeter;MeanIntensity;MinIntensity;MaxIntensity
1;M-11811a-x40-03.tif;1525;32.375082;215.849836;42.719428;51.341785;1.797840;1.201837;0.832060;0.736611;367.000000;0.554686;185.616000;101.824262;0;193
2;M-11811a-x40-03.tif;1141;66.259422;240.685364;29.904974;52.744502;1.920698;1.763737;0.566978;0.522205;210.000000;0.823733;165.950000;97.971078;0;159
3;M-11811a-x40-03.tif;906;383.089404;623.278146;25.841760;47.678964;1.355657;1.845036;0.541995;0.507440;115.000000;0.840382;124.235000;149.769316;69;221
4;M-11811a-x40-03.tif;5363;411.366586;133.098639;67.220565;102.668105;1.159366;1.527332;0.654737;0.647809;203.000000;0.755857;279.524000;51.652060;0;214
5;M-11811a-x40-03.tif;2633;569.927459;74.884922;50.131637;69.166191;1.444426;1.379691;0.724800;0.700766;221.000000;0.688960;218.614000;64.062666;0;234
6;M-11811a-x40-03.tif;1332;604.895646;398.006006;28.939429;61.827947;1.407566;2.136460;0.468064;0.443654;131.000000;0.883695;153.494000;150.617868;76;200
7;M-11811a-x40-03.tif;527;651.550285;382.908918;13.491053;53.325387;1.930281;3.952648;0.252995;0.235968;86.000000;0.967468;113.063000;137.290323;76;193
8;M-11811a-x40-03.tif;1839;802.972268;307.066884;37.053827;79.846687;2.237084;2.154884;0.464062;0.367264;444.000000;0.885803;227.372000;150.406199;48;234
9;M-11811a-x40-03.tif;907;1488.426681;750.315325;31.829117;36.396727;0.964833;1.143504;0.874505;0.871752;22.000000;0.485017;104.866000;57.248071;0;179
