No;Filename;Area;Centroid1;Centroid2;MajorAxisLength;MinorAxisLength;CircularShapeFactor;ElongationA;ElongationB;Roundness;Convex Defficiency;Eccentricity;Perimeter;MeanIntensity;MinIntensity;MaxIntensity
1;M-11806-x40-11.tif;805;358.495652;584.198758;25.564022;40.324008;1.050535;1.577373;0.633965;0.630345;21.000000;0.773362;103.088000;93.858385;16;239
2;M-11806-x40-11.tif;1072;462.286381;805.261194;27.696251;49.796916;1.125076;1.797966;0.556184;0.550427;28.000000;0.831059;123.110000;87.738806;24;207
3;M-11806-x40-11.tif;6261;497.153170;632.896183;72.648157;113.819285;1.671679;1.566720;0.638276;0.615350;839.000000;0.769807;362.663000;115.073471;24;191
4;M-11806-x40-11.tif;2105;853.806176;767.768171;43.921236;62.637679;1.284990;1.426137;0.701195;0.683110;151.000000;0.712969;184.366000;115.867933;0;247
5;M-11806-x40-11.tif;766;1404.886423;45.936031;26.034424;37.828083;1.101175;1.453003;0.688230;0.681570;39.000000;0.725493;102.955000;59.545692;0;215
6;M-11806-x40-11.tif;1244;1471.254823;740.738746;37.183901;43.456922;1.148954;1.168703;0.855650;0.838711;87.000000;0.517555;134.019000;67.639871;0;159
7;M-11806-x40-11.tif;701;1466.537803;670.399429;26.343837;34.264879;1.048184;1.300679;0.768829;0.760203;28.000000;0.639454;96.091000;104.422254;48;191
8;M-11806-x40-11.tif;902;1498.096452;723.033259;27.867715;41.983754;1.159825;1.506537;0.663774;0.651560;77.000000;0.747933;114.658000;52.150776;0;175
