No;Filename;Area;Centroid1;Centroid2;MajorAxisLength;MinorAxisLength;CircularShapeFactor;ElongationA;ElongationB;Roundness;Convex Defficiency;Eccentricity;Perimeter;MeanIntensity;MinIntensity;MaxIntensity
1;M-11940-x40-03.tif;1332;859.617117;36.994745;40.031886;49.211104;2.104638;1.229298;0.813473;0.700306;356.000000;0.581603;187.692000;108.557057;0;196
2;M-11940-x40-03.tif;608;897.524671;19.679276;27.466373;33.949715;1.966644;1.236047;0.809031;0.671648;135.000000;0.587766;122.580000;115.090461;0;190
3;M-11940-x40-03.tif;979;1159.281920;61.432074;30.133270;47.039850;1.434815;1.561060;0.640590;0.563328;146.000000;0.767883;132.860000;147.945863;95;184
4;M-11940-x40-03.tif;442;1158.592760;34.484163;20.535183;27.767270;1.014803;1.352180;0.739546;0.729904;20.000000;0.673106;75.077000;149.407240;95;184
5;M-11940-x40-03.tif;978;1274.746421;125.070552;30.294545;49.508702;1.671574;1.634245;0.611903;0.508026;205.000000;0.790932;143.330000;97.301636;0;202
6;M-11940-x40-03.tif;2131;1401.843266;307.180197;35.792071;79.830548;1.569116;2.230398;0.448351;0.425751;290.000000;0.893858;204.986000;85.400751;0;213
7;M-11940-x40-03.tif;1826;1473.987952;563.257941;42.591321;63.928662;1.532558;1.500979;0.666232;0.568879;394.000000;0.745745;187.527000;47.187295;0;243
