No;Filename;Area;Centroid1;Centroid2;MajorAxisLength;MinorAxisLength;CircularShapeFactor;ElongationA;ElongationB;Roundness;Convex Defficiency;Eccentricity;Perimeter;MeanIntensity;MinIntensity;MaxIntensity
1;M-11806-x40-01.tif;2253;674.809143;675.141589;42.325463;77.303855;2.233277;1.826415;0.547521;0.480031;466.000000;0.836792;251.453000;107.999112;0;255
2;M-11806-x40-01.tif;659;1083.603945;524.802731;25.495293;33.323005;1.004261;1.307026;0.765096;0.755627;18.000000;0.643916;91.195000;48.632777;0;236
3;M-11806-x40-01.tif;701;1128.072753;82.078459;27.473334;32.885686;0.978838;1.197004;0.835419;0.825305;14.000000;0.549613;92.858000;54.099857;0;227
4;M-11806-x40-01.tif;868;1432.074885;227.834101;23.482547;48.074027;1.207338;2.047224;0.488466;0.478199;31.000000;0.872583;114.757000;68.797235;0;236
5;M-11806-x40-01.tif;870;1459.278161;528.668966;20.927821;56.135063;1.557992;2.682318;0.372812;0.351529;88.000000;0.927907;130.511000;92.068966;19;208
