No;Filename;Area;Centroid1;Centroid2;MajorAxisLength;MinorAxisLength;CircularShapeFactor;ElongationA;ElongationB;Roundness;Convex Defficiency;Eccentricity;Perimeter;MeanIntensity;MinIntensity;MaxIntensity
1;M-11822-x40-05.tif;2062;292.662464;244.915616;42.062895;64.481047;1.206343;1.532967;0.652330;0.631444;191.000000;0.757935;176.801000;42.270611;0;165
2;M-11822-x40-05.tif;5802;340.779731;216.743364;77.934221;97.595997;1.442175;1.252287;0.798539;0.775575;600.000000;0.601943;324.267000;62.217511;0;195
3;M-11822-x40-05.tif;3305;501.482300;271.869894;54.587654;82.996898;2.001031;1.520434;0.657707;0.610883;496.000000;0.753274;288.282000;50.734947;0;188
4;M-11822-x40-05.tif;3073;543.790107;320.398308;56.215513;70.834455;1.167020;1.260052;0.793618;0.779801;99.000000;0.608416;212.288000;43.327042;0;225
