No;Filename;Area;Centroid1;Centroid2;MajorAxisLength;MinorAxisLength;CircularShapeFactor;ElongationA;ElongationB;Roundness;Convex Defficiency;Eccentricity;Perimeter;MeanIntensity;MinIntensity;MaxIntensity
1;F-10917-x40-02.tif;1113;474.732255;497.885894;41.045141;57.224958;3.511505;1.394196;0.717259;0.432747;502.000000;0.696806;221.615000;0.308619;2.039801e-01;6.543210e-01
2;F-10917-x40-02.tif;2122;512.619227;537.201697;43.768653;68.189603;2.025150;1.557955;0.641867;0.581058;401.000000;0.766816;232.384000;0.308605;1.352657e-01;5.341615e-01
3;F-10917-x40-02.tif;532;538.490602;492.355263;24.542802;42.730618;2.992635;1.741065;0.574361;0.370974;298.000000;0.818602;141.445000;0.307325;1.971154e-01;4.571429e-01
4;F-10917-x40-02.tif;3907;626.280778;557.343998;43.173821;125.780076;3.007769;2.913341;0.343248;0.314434;966.000000;0.939245;384.281000;0.329409;1.818182e-01;6.121212e-01
5;F-10917-x40-02.tif;2824;765.082861;558.322946;41.865034;110.473268;3.677382;2.638796;0.378961;0.294619;978.000000;0.925413;361.249000;0.350674;2.135417e-01;6.776316e-01
6;F-10917-x40-02.tif;654;1014.428135;467.175841;25.555093;46.525245;2.925467;1.820586;0.549274;0.384690;265.000000;0.835643;155.057000;0.342584;2.289720e-01;5.128205e-01
7;F-10917-x40-02.tif;1294;1230.158423;140.568779;38.058631;44.116386;1.078260;1.159169;0.862687;0.846534;59.000000;0.505738;132.414000;0.442041;2.435233e-01;6.375839e-01
8;F-10917-x40-02.tif;5815;1344.943422;80.825967;70.789219;115.878038;2.455164;1.636945;0.610894;0.551388;1292.000000;0.791712;423.565000;0.451262;2.722772e-01;6.932515e-01
9;F-10917-x40-02.tif;2196;1466.019126;100.175319;42.628266;75.218697;3.391934;1.764526;0.566724;0.494186;735.000000;0.823907;305.946000;0.439385;3.300000e-01;6.645963e-01
