No;Filename;Area;Centroid1;Centroid2;MajorAxisLength;MinorAxisLength;CircularShapeFactor;ElongationA;ElongationB;Roundness;Convex Defficiency;Eccentricity;Perimeter;MeanIntensity;MinIntensity;MaxIntensity
1;F-10968-x40-03.tif;6404;492.839163;322.045284;87.126766;111.492262;2.811934;1.279656;0.781460;0.655952;1514.000000;0.623955;475.700000;0.400111;2.098765e-01;8.993711e-01
2;F-10968-x40-03.tif;3111;587.888782;244.380264;55.479233;114.576176;4.407979;2.065208;0.484213;0.301732;1789.000000;0.874950;415.121000;0.354816;2.181818e-01;6.335404e-01
3;F-10968-x40-03.tif;732;620.651639;474.230874;25.808111;36.885873;1.071785;1.429236;0.699675;0.685017;34.000000;0.714462;99.292000;0.441904;1.894737e-01;6.604938e-01
4;F-10968-x40-03.tif;4977;658.173398;310.314848;53.796721;123.589923;1.786676;2.297350;0.435284;0.414870;682.000000;0.900293;334.281000;0.417978;6.481481e-02;8.255034e-01
5;F-10968-x40-03.tif;2063;683.199709;381.014057;45.157957;58.808826;1.102055;1.302292;0.767877;0.759494;80.000000;0.640597;169.027000;0.421949;1.476793e-01;6.742857e-01
6;F-10968-x40-03.tif;1535;765.734202;294.205863;36.665599;53.907022;1.122175;1.470234;0.680164;0.672555;56.000000;0.733060;147.126000;0.369735;2.368421e-01;7.189542e-01
7;F-10968-x40-03.tif;1603;858.257018;425.066750;42.045961;49.548063;1.141175;1.178426;0.848589;0.831362;119.000000;0.529052;151.617000;0.362633;1.545894e-01;5.235294e-01
8;F-10968-x40-03.tif;572;902.187063;403.143357;26.637305;27.665480;0.986672;1.038599;0.962835;0.951546;18.000000;0.270089;84.215000;0.375960;1.435407e-01;5.470588e-01
9;F-10968-x40-03.tif;1245;1089.385542;240.051406;34.492816;46.758701;1.190616;1.355607;0.737677;0.725028;98.000000;0.675154;136.482000;0.219460;1.324201e-01;6.158940e-01
