No;Filename;Area;Centroid1;Centroid2;MajorAxisLength;MinorAxisLength;CircularShapeFactor;ElongationA;ElongationB;Roundness;Convex Defficiency;Eccentricity;Perimeter;MeanIntensity;MinIntensity;MaxIntensity
1;F-11069-x40-07.tif;1825;667.903014;498.802192;35.338171;73.893394;1.853547;2.091036;0.478232;0.425561;288.000000;0.878234;206.176000;0.425758;6.862745e-02;7.651515e-01
2;F-11069-x40-07.tif;1190;718.273109;366.571429;32.005295;47.687328;1.076708;1.489982;0.671149;0.666271;46.000000;0.741323;126.890000;0.398214;2.570093e-01;6.800000e-01
