No;Filename;Area;Centroid1;Centroid2;MajorAxisLength;MinorAxisLength;CircularShapeFactor;ElongationA;ElongationB;Roundness;Convex Defficiency;Eccentricity;Perimeter;MeanIntensity;MinIntensity;MaxIntensity
1;B-11704-x40-08.tif;702;703.521368;499.917379;28.355033;32.112176;1.051751;1.132504;0.882999;0.866778;34.000000;0.469374;96.323000;0.435648;2.823720e-01;1.060918e+00
2;B-11704-x40-08.tif;737;705.624152;642.765265;27.352273;35.437671;1.066101;1.295602;0.771842;0.747218;34.000000;0.635815;99.366000;0.385719;6.297905e-02;1.212990e+00
3;B-11704-x40-08.tif;689;750.835994;633.129173;25.062216;35.150637;1.008150;1.402535;0.712995;0.710008;22.000000;0.701169;93.428000;0.445046;2.544319e-01;1.579620e+00
4;B-11704-x40-08.tif;557;787.590664;506.409336;26.438768;27.430444;1.067689;1.037508;0.963848;0.942540;33.000000;0.266454;86.448000;0.429101;1.405784e-01;1.112916e+00
5;B-11704-x40-08.tif;538;811.416357;580.360595;24.888201;28.298129;1.069732;1.137010;0.879500;0.855415;24.000000;0.475899;85.042000;0.386264;1.867103e-01;1.147970e+00
6;B-11704-x40-08.tif;697;1039.954089;536.638451;26.645067;34.058595;1.071140;1.278233;0.782330;0.765049;39.000000;0.622864;96.860000;0.400223;2.088529e-01;1.148211e+00
