No;Filename;Area;Centroid1;Centroid2;MajorAxisLength;MinorAxisLength;CircularShapeFactor;ElongationA;ElongationB;Roundness;Convex Defficiency;Eccentricity;Perimeter;MeanIntensity;MinIntensity;MaxIntensity
1;F-10917-x40-02.tif;815;1228.716564;136.755828;32.021059;36.557401;1.474499;1.141667;0.875912;0.776456;149.000000;0.482471;122.887000;0.396678;2.249630e-01;7.606777e-01
2;F-10917-x40-02.tif;844;1328.995261;50.226303;32.276607;34.947913;1.177556;1.082763;0.923563;0.879853;63.000000;0.383446;111.755000;0.451873;2.553227e-01;6.791086e-01
3;F-10917-x40-02.tif;964;1357.078838;87.442946;27.180730;48.576127;1.349804;1.787153;0.559549;0.520165;126.000000;0.828797;127.873000;0.432969;2.892589e-01;7.255371e-01
4;F-10917-x40-02.tif;1021;1383.194907;165.784525;30.482257;44.534804;1.293977;1.461007;0.684459;0.655446;99.000000;0.729051;128.849000;0.378038;2.150627e-01;7.755102e-01
5;F-10917-x40-02.tif;729;1421.246914;104.883402;27.920338;36.646868;1.337407;1.312551;0.761875;0.691137;69.000000;0.647724;110.688000;0.445155;2.484741e-01;9.914770e-01
6;F-10917-x40-02.tif;965;1416.567876;163.279793;30.777165;41.383344;1.474360;1.344612;0.743709;0.717441;86.000000;0.668504;133.712000;0.450108;2.596509e-01;6.523419e-01
