No;Filename;Area;Centroid1;Centroid2;MajorAxisLength;MinorAxisLength;CircularShapeFactor;ElongationA;ElongationB;Roundness;Convex Defficiency;Eccentricity;Perimeter;MeanIntensity;MinIntensity;MaxIntensity
1;F-10968-x40-03.tif;1048;406.604962;475.469466;33.421178;41.065628;1.197370;1.228731;0.813848;0.791251;90.000000;0.581078;125.574000;0.560307;0;7.642098e-01
2;F-10968-x40-03.tif;745;454.544966;435.346309;26.083331;37.198318;1.098293;1.426134;0.701197;0.685519;32.000000;0.712968;101.401000;0.587369;1.544746e-02;7.348880e-01
3;F-10968-x40-03.tif;760;818.297368;315.080263;27.881356;35.198232;1.059106;1.262429;0.792124;0.781056;38.000000;0.610361;100.573000;0.621992;1.310276e-02;7.888036e-01
4;F-10968-x40-03.tif;918;1044.345316;278.038126;27.995159;43.824915;1.583008;1.565446;0.638796;0.608570;98.000000;0.769377;135.135000;0.580661;5.410172e-03;6.817837e-01
5;F-10968-x40-03.tif;2322;1338.315676;782.115848;47.256569;62.928242;1.075463;1.331630;0.750960;0.746588;80.000000;0.660348;177.147000;0.559395;0;6.553686e-01
