No;Filename;Area;Centroid1;Centroid2;MajorAxisLength;MinorAxisLength;CircularShapeFactor;ElongationA;ElongationB;Roundness;Convex Defficiency;Eccentricity;Perimeter;MeanIntensity;MinIntensity;MaxIntensity
1;F-11240-x40-02.tif;602;750.252492;291.164452;24.868417;31.351374;1.154859;1.260690;0.793216;0.779818;34.000000;0.608940;93.469000;224.694352;191;255
2;F-11240-x40-02.tif;621;810.990338;318.602254;27.176250;29.554407;1.112230;1.087509;0.919533;0.905226;33.000000;0.393013;93.164000;217.404187;184;255
3;F-11240-x40-02.tif;664;850.466867;338.218373;28.149614;33.178103;1.354116;1.178634;0.848440;0.768025;83.000000;0.529292;106.296000;219.290663;183;255
4;F-11240-x40-02.tif;658;869.702128;439.960486;25.311468;33.214303;0.977360;1.312224;0.762065;0.759426;19.000000;0.647500;89.897000;204.908815;159;255
5;F-11240-x40-02.tif;577;1322.239168;571.824957;21.088417;36.601074;1.276520;1.735601;0.576169;0.548401;72.000000;0.817330;96.207000;223.845754;197;255
6;F-11240-x40-02.tif;1223;1357.119379;580.481603;31.774971;54.791386;1.553075;1.724357;0.579926;0.518695;187.000000;0.814669;154.495000;226.826656;171;255
7;F-11240-x40-02.tif;427;1389.803279;576.946136;22.711151;24.161120;0.977011;1.063844;0.939988;0.931331;10.000000;0.341209;72.405000;208.053864;159;255
