No;Filename;Area;Centroid1;Centroid2;MajorAxisLength;MinorAxisLength;CircularShapeFactor;ElongationA;ElongationB;Roundness;Convex Defficiency;Eccentricity;Perimeter;MeanIntensity;MinIntensity;MaxIntensity
1;M-11830a-x40-02.tif;1493;80.550569;33.898192;36.855491;53.735268;1.341933;1.457999;0.685872;0.658341;144.000000;0.727723;158.672000;236.022773;199;255
2;M-11830a-x40-02.tif;2937;125.174328;338.051073;55.203067;70.187070;1.410957;1.271434;0.786513;0.759101;315.000000;0.617573;228.199000;237.652366;217;255
3;M-11830a-x40-02.tif;2092;818.284417;572.216539;40.310535;76.939277;2.020545;1.908664;0.523927;0.449962;520.000000;0.851763;230.473000;236.978967;202;255
4;M-11830a-x40-02.tif;1424;984.742978;758.906601;36.630570;54.990067;1.812442;1.501207;0.666131;0.599586;228.000000;0.745835;180.091000;219.976826;136;255
5;M-11830a-x40-02.tif;2771;1062.546373;730.545651;45.839111;84.615396;2.187366;1.845921;0.541735;0.492774;678.000000;0.840549;275.984000;207.202454;140;255
