No;Filename;Area;Centroid1;Centroid2;MajorAxisLength;MinorAxisLength;CircularShapeFactor;ElongationA;ElongationB;Roundness;Convex Defficiency;Eccentricity;Perimeter;MeanIntensity;MinIntensity;MaxIntensity
1;B-AA11746-x40-05AA.tif;932;582.819742;440.328326;28.981561;41.361923;1.028375;1.427181;0.700682;0.693625;28.000000;0.713474;109.746000;130.912017;38;238
2;B-AA11746-x40-05AA.tif;1570;646.763694;162.218471;35.678525;57.631568;1.239534;1.615301;0.619080;0.601851;117.000000;0.785328;156.381000;141.249045;84;196
3;B-AA11746-x40-05AA.tif;6366;735.666510;198.397267;77.846862;112.074618;1.366520;1.439681;0.694599;0.645301;603.000000;0.719398;330.633000;151.451304;88;200
4;B-AA11746-x40-05AA.tif;1014;719.977318;448.978304;33.944225;38.481157;1.040971;1.133658;0.882100;0.871870;33.000000;0.471062;115.171000;132.402367;44;230
5;B-AA11746-x40-05AA.tif;1178;772.600170;144.906621;33.545492;44.984891;1.006168;1.341011;0.745706;0.741177;27.000000;0.666275;122.043000;134.572156;76;215
6;B-AA11746-x40-05AA.tif;352;777.752841;170.488636;17.008636;32.060778;1.555499;1.884971;0.530512;0.436018;62.000000;0.847677;82.949000;180.534091;162;200
7;B-AA11746-x40-05AA.tif;1715;1114.687464;237.500292;35.377560;65.506056;1.380972;1.851627;0.540065;0.508875;127.000000;0.841623;172.516000;143.963265;45;232
8;B-AA11746-x40-05AA.tif;1109;1271.808837;459.933273;32.092098;45.285785;1.134972;1.411119;0.708657;0.688522;59.000000;0.705553;125.766000;129.291253;51;237
9;B-AA11746-x40-05AA.tif;675;1430.922963;579.743704;28.240806;30.665045;0.948193;1.085842;0.920945;0.913959;10.000000;0.389694;89.682000;166.647407;137;214
