No;Filename;Area;Centroid1;Centroid2;MajorAxisLength;MinorAxisLength;CircularShapeFactor;ElongationA;ElongationB;Roundness;Convex Defficiency;Eccentricity;Perimeter;MeanIntensity;MinIntensity;MaxIntensity
1;M-11811a-x40-10.tif;1884;590.716030;797.222930;26.278427;115.061380;2.939401;4.378549;0.228386;0.181189;665.000000;0.973571;263.800000;128.536093;73;212
2;M-11811a-x40-10.tif;942;627.427813;121.416136;19.527456;66.007290;1.978120;3.380230;0.295838;0.275282;139.000000;0.955238;153.023000;180.328025;136;208
3;M-11811a-x40-10.tif;5760;911.082118;650.477778;88.071096;117.873388;4.373824;1.338389;0.747167;0.527839;3166.000000;0.664636;562.661000;180.589757;100;221
4;M-11811a-x40-10.tif;1774;1075.360203;605.810598;45.634418;64.106989;2.345441;1.404795;0.711848;0.549608;596.000000;0.702334;228.662000;191.417136;127;222
5;M-11811a-x40-10.tif;1416;1086.369350;685.725282;29.505056;65.671881;1.765569;2.225784;0.449280;0.418037;224.000000;0.893391;177.247000;190.138418;116;221
6;M-11811a-x40-10.tif;4801;1157.508436;395.190794;60.107711;108.656930;1.983650;1.807704;0.553188;0.517758;826.000000;0.833056;345.942000;143.314934;73;197
