No;Filename;Area;Centroid1;Centroid2;MajorAxisLength;MinorAxisLength;CircularShapeFactor;ElongationA;ElongationB;Roundness;Convex Defficiency;Eccentricity;Perimeter;MeanIntensity;MinIntensity;MaxIntensity
1;B-11704-x40-08.tif;700;703.558571;499.921429;28.433590;31.926853;1.048786;1.122857;0.890585;0.874371;38.000000;0.454816;96.050000;0.690801;5.742311e-01;9.677339e-01
2;B-11704-x40-08.tif;738;705.643631;642.769648;27.388834;35.448510;1.068560;1.294269;0.772637;0.747774;34.000000;0.634848;99.548000;0.643937;2.764420e-01;1
3;B-11704-x40-08.tif;691;750.875543;633.179450;25.053219;35.286049;1.007191;1.408444;0.710004;0.706614;21.000000;0.704198;93.519000;0.688330;5.535000e-01;1
4;B-11704-x40-08.tif;560;787.635714;506.498214;26.350045;27.560659;1.039340;1.045944;0.956075;0.938683;30.000000;0.293124;85.522000;0.678332;4.228869e-01;1
5;B-11704-x40-08.tif;551;811.562613;580.341198;25.086434;28.516754;1.051210;1.136740;0.879709;0.862703;23.000000;0.475513;85.315000;0.649625;4.823775e-01;1
6;B-11704-x40-08.tif;334;855.068862;601.910180;14.234223;32.175298;1.349139;2.260418;0.442396;0.410782;23.000000;0.896820;75.250000;0.661212;3.081502e-01;1
7;B-11704-x40-08.tif;712;1040.299157;536.661517;26.732799;34.639647;1.042866;1.295773;0.771740;0.755515;32.000000;0.635938;96.596000;0.660982;4.987237e-01;1
