No;Filename;Area;Centroid1;Centroid2;MajorAxisLength;MinorAxisLength;CircularShapeFactor;ElongationA;ElongationB;Roundness;Convex Defficiency;Eccentricity;Perimeter;MeanIntensity;MinIntensity;MaxIntensity
1;B-11704-x40-06.tif;696;232.238506;508.814655;26.521835;34.243638;1.143217;1.291149;0.774504;0.755718;49.000000;0.632569;99.994000;0.687475;5.606506e-01;8.179074e-01
2;B-11704-x40-06.tif;1530;1066.068627;237.367974;43.007430;47.077507;1.250494;1.094637;0.913545;0.878971;136.000000;0.406737;155.057000;0.670723;4.969667e-01;1
3;B-11704-x40-06.tif;588;1066.297619;768.032313;24.268655;32.585938;1.129823;1.342717;0.744759;0.705061;39.000000;0.667334;91.369000;0.613302;2.392776e-01;1
4;B-11704-x40-06.tif;877;1094.006842;191.565564;27.700601;42.436769;1.180352;1.531980;0.652750;0.620048;45.000000;0.757573;114.054000;0.642527;4.912620e-01;9.658634e-01
5;B-11704-x40-06.tif;769;1132.694408;246.263979;25.882270;38.003240;1.015803;1.468312;0.681054;0.677946;12.000000;0.732233;99.077000;0.636075;5.270856e-01;9.694482e-01
6;B-11704-x40-06.tif;702;1130.475783;187.370370;24.781113;37.428450;1.240484;1.510362;0.662093;0.638034;65.000000;0.749422;104.609000;0.710799;5.932956e-01;8.638065e-01
