No;Filename;Area;Centroid1;Centroid2;MajorAxisLength;MinorAxisLength;CircularShapeFactor;ElongationA;ElongationB;Roundness;Convex Defficiency;Eccentricity;Perimeter;MeanIntensity;MinIntensity;MaxIntensity
1;F-10968-x40-03.tif;377;543.525199;434.968170;17.235548;28.808258;1.130744;1.671444;0.598285;0.578386;25.000000;0.801283;73.191000;166.193634;18;255
2;F-10968-x40-03.tif;1146;618.789703;480.369110;30.279252;53.614618;1.568849;1.770672;0.564757;0.507608;191.000000;0.825257;150.310000;169.232112;26;255
3;F-10968-x40-03.tif;6154;758.004712;303.824342;65.472950;123.304189;1.502441;1.883284;0.530987;0.515361;552.000000;0.847380;340.865000;194.422002;18;255
4;F-10968-x40-03.tif;1846;832.485915;271.775731;42.999016;55.610886;1.115961;1.293306;0.773212;0.760015;78.000000;0.634147;160.896000;166.475623;79;255
5;F-10968-x40-03.tif;1990;1092.693970;236.072864;42.003366;61.534943;1.263914;1.465000;0.682594;0.669144;148.000000;0.730798;177.783000;163.580402;79;255
6;F-10968-x40-03.tif;2059;1177.464303;253.325886;33.489310;81.845742;1.672141;2.443936;0.409176;0.391358;283.000000;0.912455;208.003000;152.214667;88;193
