No;Filename;Area;Centroid1;Centroid2;MajorAxisLength;MinorAxisLength;CircularShapeFactor;ElongationA;ElongationB;Roundness;Convex Defficiency;Eccentricity;Perimeter;MeanIntensity;MinIntensity;MaxIntensity
1;F-10917-x40-02.tif;444;509.727477;455.051802;21.494307;29.133547;1.633001;1.355408;0.737785;0.666049;85.000000;0.675035;95.453000;143.668919;104;175
2;F-10917-x40-02.tif;1456;564.105082;414.410714;36.824942;52.815149;1.443976;1.434222;0.697242;0.664591;166.000000;0.716836;162.542000;129.125687;56;199
3;F-10917-x40-02.tif;599;594.672788;412.550918;23.298041;33.598979;1.238522;1.442138;0.693415;0.675592;58.000000;0.720538;96.554000;130.829716;80;199
4;F-10917-x40-02.tif;1089;781.333333;548.646465;30.686559;49.423092;2.355194;1.610578;0.620895;0.567647;234.000000;0.783894;179.528000;129.753903;80;191
5;F-10917-x40-02.tif;411;1288.698297;239.214112;15.658457;35.508403;1.758946;2.267682;0.440979;0.415040;51.000000;0.897517;95.313000;137.664234;104;199
