No;Filename;Area;Centroid1;Centroid2;MajorAxisLength;MinorAxisLength;CircularShapeFactor;ElongationA;ElongationB;Roundness;Convex Defficiency;Eccentricity;Perimeter;MeanIntensity;MinIntensity;MaxIntensity
1;M-11806-x40-01.tif;784;451.246173;673.881378;19.661140;56.847210;1.876523;2.891349;0.345859;0.308893;157.000000;0.938286;135.969000;141.262755;104;198
2;M-11806-x40-01.tif;941;739.832094;493.585547;29.419731;43.676180;1.199223;1.484588;0.673588;0.628073;46.000000;0.739107;119.083000;74.332625;0;189
3;M-11806-x40-01.tif;455;925.582418;49.518681;18.980964;31.086243;1.166009;1.637759;0.610590;0.599494;30.000000;0.791947;81.651000;139.901099;104;236
4;M-11806-x40-01.tif;619;1083.589661;525.046850;24.478529;32.542690;0.986839;1.329438;0.752197;0.744207;16.000000;0.658938;87.614000;213.722132;19;255
5;M-11806-x40-01.tif;1008;1106.556548;497.542659;28.876971;55.750655;1.752372;1.930627;0.517966;0.412925;315.000000;0.855401;148.987000;149.448413;85;217
6;M-11806-x40-01.tif;677;1127.958641;81.864106;27.292235;32.018468;0.977217;1.173171;0.852390;0.840810;13.000000;0.522906;91.179000;205.299852;38;255
7;M-11806-x40-01.tif;798;1431.690476;227.457393;22.411477;46.432351;1.216122;2.071811;0.482669;0.471272;37.000000;0.875803;110.432000;195.057644;38;255
