No;Filename;Area;Centroid1;Centroid2;MajorAxisLength;MinorAxisLength;CircularShapeFactor;ElongationA;ElongationB;Roundness;Convex Defficiency;Eccentricity;Perimeter;MeanIntensity;MinIntensity;MaxIntensity
1;B-11865-x40-02.tif;788;285.022843;104.430203;25.231457;40.819084;1.183499;1.617785;0.618129;0.602157;46.000000;0.786077;108.256000;0.462880;3.134203e-01;7.652513e-01
2;B-11865-x40-02.tif;878;406.984055;606.264237;32.983085;34.722769;1.102313;1.052745;0.949898;0.927205;46.000000;0.312560;110.282000;0.446247;3.588369e-01;6.190890e-01
3;B-11865-x40-02.tif;1013;459.624877;187.126357;33.377727;41.541357;1.511742;1.244583;0.803482;0.747409;125.000000;0.595329;138.723000;0.459389;3.352058e-01;6.499423e-01
4;B-11865-x40-02.tif;959;1006.064651;31.092805;29.119749;42.577631;1.084276;1.462157;0.683921;0.673544;47.000000;0.729556;114.310000;0.379124;2.167580e-01;1.038058e+00
5;B-11865-x40-02.tif;873;1508.404353;700.892325;28.153173;39.950334;1.111463;1.419035;0.704704;0.696440;41.000000;0.709501;110.423000;0.461631;2.494006e-01;8.370784e-01
6;B-11865-x40-02.tif;1131;1552.610080;282.978780;36.195104;43.410139;1.724471;1.199337;0.833794;0.764171;126.000000;0.552076;156.554000;0.481593;3.279575e-01;8.546997e-01
