No;Filename;Area;Centroid1;Centroid2;MajorAxisLength;MinorAxisLength;CircularShapeFactor;ElongationA;ElongationB;Roundness;Convex Defficiency;Eccentricity;Perimeter;MeanIntensity;MinIntensity;MaxIntensity
1;M-11783-x40-11.tif;770;924.496104;625.885714;24.484736;42.132190;1.286708;1.720753;0.581141;0.552297;71.000000;0.813803;111.581000;0.392071;1.863791e-01;1.034249e+00
2;M-11783-x40-11.tif;653;1203.150077;164.754977;27.271503;30.604824;0.956782;1.122227;0.891085;0.887654;11.000000;0.453836;88.607000;0.424827;2.374974e-01;8.169629e-01
