No;Filename;Area;Centroid1;Centroid2;MajorAxisLength;MinorAxisLength;CircularShapeFactor;ElongationA;ElongationB;Roundness;Convex Defficiency;Eccentricity;Perimeter;MeanIntensity;MinIntensity;MaxIntensity
1;M-11783-x40-06.tif;1453;48.681349;431.345492;40.036160;48.523343;1.519086;1.211988;0.825091;0.785732;120.000000;0.565000;166.544000;0.432864;2.294506e-01;6.922477e-01
2;M-11783-x40-06.tif;1689;131.519242;467.256365;40.397879;56.285184;1.662404;1.393271;0.717736;0.678815;220.000000;0.696316;187.840000;0.447917;3.006790e-01;6.382834e-01
3;M-11783-x40-06.tif;4455;150.880808;567.541863;64.545298;106.549008;2.689246;1.650763;0.605780;0.499642;1206.000000;0.795632;388.011000;0.399263;2.262570e-01;7.011760e-01
4;M-11783-x40-06.tif;1353;142.599409;724.702143;38.523569;45.223605;1.106231;1.173920;0.851846;0.842321;59.000000;0.523792;137.144000;0.458507;3.404958e-01;6.682898e-01
5;M-11783-x40-06.tif;1130;242.749558;513.712389;32.054039;48.355545;1.660438;1.508563;0.662882;0.615313;207.000000;0.748724;153.552000;0.465542;3.284650e-01;7.349770e-01
6;M-11783-x40-06.tif;545;488.165138;809.407339;25.488672;27.346006;0.950536;1.072869;0.932080;0.927938;12.000000;0.362252;80.684000;0.441687;2.865807e-01;9.947197e-01
7;M-11783-x40-06.tif;1602;812.630462;375.915730;41.484658;50.086472;1.165050;1.207349;0.828261;0.813077;93.000000;0.560343;153.147000;0.395751;1.959351e-01;8.807071e-01
8;M-11783-x40-06.tif;746;867.286863;298.561662;25.878541;37.811980;1.242889;1.461133;0.684401;0.664340;54.000000;0.729106;107.942000;0.448399;3.142259e-01;6.326981e-01
9;M-11783-x40-06.tif;688;875.469477;327.084302;27.333291;33.114129;1.157691;1.211494;0.825427;0.798862;60.000000;0.564509;100.045000;0.457213;3.440364e-01;6.908897e-01
