No;Filename;Area;Centroid1;Centroid2;MajorAxisLength;MinorAxisLength;CircularShapeFactor;ElongationA;ElongationB;Roundness;Convex Defficiency;Eccentricity;Perimeter;MeanIntensity;MinIntensity;MaxIntensity
1;M-11830a-x40-06.tif;1087;342.165593;436.187672;33.660912;47.266087;1.626979;1.404183;0.712158;0.619499;203.000000;0.702019;149.077000;0.450311;2.976430e-01;7.783713e-01
2;M-11830a-x40-06.tif;936;483.223291;372.014957;29.062105;42.683626;1.338169;1.468704;0.680872;0.654129;94.000000;0.732402;125.458000;0.461410;3.624391e-01;6.382797e-01
3;M-11830a-x40-06.tif;650;636.158462;637.229231;24.168858;34.740860;1.095479;1.437422;0.695690;0.685713;30.000000;0.718342;94.594000;0.404081;2.604482e-01;7.416145e-01
4;M-11830a-x40-06.tif;741;638.121457;610.929825;30.666867;31.549466;1.072009;1.028780;0.972025;0.947860;28.000000;0.234878;99.911000;0.387421;2.598694e-01;7.640894e-01
5;M-11830a-x40-06.tif;1209;844.576510;223.281224;33.935512;57.085758;1.713931;1.682184;0.594465;0.472368;349.000000;0.804121;161.367000;0.448308;3.210240e-01;7.790289e-01
6;M-11830a-x40-06.tif;581;1113.466437;481.160069;23.640114;32.246093;1.124269;1.364041;0.733116;0.711430;30.000000;0.680104;90.600000;0.430554;2.940759e-01;8.203055e-01
7;M-11830a-x40-06.tif;568;1277.795775;676.445423;26.251819;27.728145;0.982913;1.056237;0.946757;0.940626;19.000000;0.321949;83.760000;0.469937;2.775171e-01;1.132509e+00
