No;Filename;Area;Centroid1;Centroid2;MajorAxisLength;MinorAxisLength;CircularShapeFactor;ElongationA;ElongationB;Roundness;Convex Defficiency;Eccentricity;Perimeter;MeanIntensity;MinIntensity;MaxIntensity
1;M-11901b-x40-03.tif;1506;455.059097;267.246348;41.201609;59.207903;2.880132;1.437029;0.695880;0.546985;733.000000;0.718158;233.466000;0.424360;1.593460e-01;1.217499e+00
2;M-11901b-x40-03.tif;586;570.377133;585.358362;26.198902;29.033725;1.046557;1.108204;0.902361;0.885120;32.000000;0.430981;87.788000;0.459108;1.053883e-01;1.169343e+00
3;M-11901b-x40-03.tif;1289;895.762607;441.680372;29.512179;59.141108;1.581326;2.003956;0.499013;0.469228;199.000000;0.866595;160.045000;0.434011;2.780731e-01;6.334277e-01
4;M-11901b-x40-03.tif;680;889.667647;471.670588;21.496582;43.498493;1.666181;2.023507;0.494191;0.457584;121.000000;0.869353;119.322000;0.485171;2.886522e-01;8.732644e-01
5;M-11901b-x40-03.tif;2759;1008.498369;377.973179;56.277713;62.679972;1.118931;1.113762;0.897858;0.894137;122.000000;0.440285;196.962000;0.447110;1.969998e-01;8.637996e-01
6;M-11901b-x40-03.tif;2234;1041.133841;352.577440;36.496968;111.468746;3.760971;3.054192;0.327419;0.228922;1478.000000;0.944879;324.935000;0.411744;7.743388e-02;1.042022e+00
7;M-11901b-x40-03.tif;1239;1257.284100;391.428571;35.872061;52.751260;1.786430;1.470539;0.680023;0.566912;235.000000;0.733191;166.776000;0.461665;2.924282e-01;8.635837e-01
8;M-11901b-x40-03.tif;1244;1456.002412;420.344051;34.477330;49.879947;1.456897;1.446746;0.691206;0.636617;154.000000;0.722658;150.914000;0.451325;2.063151e-01;1.394396e+00
9;M-11901b-x40-03.tif;1984;1523.903226;321.353831;45.936953;60.959693;2.310140;1.327030;0.753563;0.679777;339.000000;0.657376;239.991000;0.437139;2.360683e-01;6.976365e-01
