No;Filename;Area;Centroid1;Centroid2;MajorAxisLength;MinorAxisLength;CircularShapeFactor;ElongationA;ElongationB;Roundness;Convex Defficiency;Eccentricity;Perimeter;MeanIntensity;MinIntensity;MaxIntensity
1;M-11783-x40-05.tif;1453;1333.681349;70.345492;40.036160;48.523343;1.519086;1.211988;0.825091;0.785732;120.000000;0.565000;166.544000;0.432864;2.294506e-01;6.922477e-01
2;M-11783-x40-05.tif;1689;1416.519242;106.256365;40.397879;56.285184;1.662404;1.393271;0.717736;0.678815;220.000000;0.696316;187.840000;0.447917;3.006790e-01;6.382834e-01
3;M-11783-x40-05.tif;4455;1435.880808;206.541863;64.545298;106.549008;2.689246;1.650763;0.605780;0.499642;1206.000000;0.795632;388.011000;0.399263;2.262570e-01;7.011760e-01
4;M-11783-x40-05.tif;1353;1427.599409;363.702143;38.523569;45.223605;1.106231;1.173920;0.851846;0.842321;59.000000;0.523792;137.144000;0.458507;3.404958e-01;6.682898e-01
5;M-11783-x40-05.tif;1130;1527.749558;152.712389;32.054039;48.355545;1.660438;1.508563;0.662882;0.615313;207.000000;0.748724;153.552000;0.465542;3.284650e-01;7.349770e-01
