No;Filename;Area;Centroid1;Centroid2;MajorAxisLength;MinorAxisLength;CircularShapeFactor;ElongationA;ElongationB;Roundness;Convex Defficiency;Eccentricity;Perimeter;MeanIntensity;MinIntensity;MaxIntensity
1;M-11901b-x40-05.tif;1203;658.404821;643.854530;28.840689;54.575156;1.362559;1.892297;0.528458;0.514264;113.000000;0.848959;143.521000;192.211970;65;255
2;M-11901b-x40-05.tif;961;827.711759;226.100937;25.922693;49.208067;1.244103;1.898262;0.526798;0.505313;72.000000;0.849991;122.573000;194.778356;107;255
3;M-11901b-x40-05.tif;912;1382.009868;424.133772;25.700228;47.623891;1.396668;1.853053;0.539650;0.511983;99.000000;0.841890;126.517000;178.273026;0;255
