No;Filename;Area;Centroid1;Centroid2;MajorAxisLength;MinorAxisLength;CircularShapeFactor;ElongationA;ElongationB;Roundness;Convex Defficiency;Eccentricity;Perimeter;MeanIntensity;MinIntensity;MaxIntensity
1;M-11940-x40-09.tif;872;255.625000;130.433486;27.337563;44.183457;1.587898;1.616218;0.618728;0.568731;154.000000;0.785605;131.909000;208.875000;171;255
2;M-11940-x40-09.tif;1145;290.854148;128.707424;34.664004;42.766750;1.132327;1.233751;0.810536;0.797082;55.000000;0.585688;127.642000;187.114410;80;255
3;M-11940-x40-09.tif;1557;622.350032;216.082209;43.002890;46.695418;1.177837;1.085867;0.920923;0.909181;109.000000;0.389744;151.807000;184.229287;121;255
4;M-11940-x40-09.tif;828;691.527778;553.369565;29.245598;37.744435;1.241494;1.290602;0.774832;0.740005;62.000000;0.632167;113.656000;205.541063;108;255
