No;Filename;Area;Centroid1;Centroid2;MajorAxisLength;MinorAxisLength;CircularShapeFactor;ElongationA;ElongationB;Roundness;Convex Defficiency;Eccentricity;Perimeter;MeanIntensity;MinIntensity;MaxIntensity
1;M-11783-x40-05.tif;1064;1331.285714;73.017857;34.515991;40.285097;1.190586;1.167143;0.856793;0.834762;72.000000;0.515660;126.170000;184.079887;53;255
2;M-11783-x40-05.tif;2314;1430.057044;194.484010;47.571306;86.038943;2.147629;1.808631;0.552904;0.398000;733.000000;0.833245;249.900000;169.697926;73;255
3;M-11783-x40-05.tif;882;1418.690476;103.471655;32.757936;35.153470;1.202942;1.073128;0.931855;0.908746;79.000000;0.362831;115.468000;191.668934;118;255
4;M-11783-x40-05.tif;899;1428.593993;363.041157;32.519438;37.857894;1.522673;1.164162;0.858987;0.798651;156.000000;0.511997;131.156000;204.661846;140;255
5;M-11783-x40-05.tif;997;1451.457372;227.428285;32.293747;42.867132;1.302780;1.327413;0.753345;0.690807;118.000000;0.657625;127.758000;160.381143;58;255
