No;Filename;Area;Centroid1;Centroid2;MajorAxisLength;MinorAxisLength;CircularShapeFactor;ElongationA;ElongationB;Roundness;Convex Defficiency;Eccentricity;Perimeter;MeanIntensity;MinIntensity;MaxIntensity
1;M-11830a-x40-05.tif;2110;906.865403;249.176777;40.111134;82.249622;2.657099;2.050543;0.487676;0.397123;525.000000;0.873025;265.430000;208.629858;113;255
2;M-11830a-x40-05.tif;906;1004.385210;85.918322;30.137465;41.029771;1.433970;1.361421;0.734527;0.685236;106.000000;0.678580;127.773000;212.960265;128;255
