No;Filename;Area;Centroid1;Centroid2;MajorAxisLength;MinorAxisLength;CircularShapeFactor;ElongationA;ElongationB;Roundness;Convex Defficiency;Eccentricity;Perimeter;MeanIntensity;MinIntensity;MaxIntensity
1;M-11806-x40-11.tif;1292;515.708204;257.546440;23.639762;76.144749;1.853003;3.221046;0.310458;0.283722;219.000000;0.950587;173.450000;213.315015;167;255
2;M-11806-x40-11.tif;1698;711.323322;202.359835;39.664401;55.532197;1.319739;1.400051;0.714260;0.701065;131.000000;0.699881;167.810000;206.217903;163;255
3;M-11806-x40-11.tif;1449;862.135266;161.903382;33.593216;59.220919;1.560270;1.762883;0.567253;0.526051;205.000000;0.823544;168.554000;204.191856;145;255
