No;Filename;Area;Centroid1;Centroid2;MajorAxisLength;MinorAxisLength;CircularShapeFactor;ElongationA;ElongationB;Roundness;Convex Defficiency;Eccentricity;Perimeter;MeanIntensity;MinIntensity;MaxIntensity
1;M-11934b-x40-05.tif;1933;544.987067;521.221935;42.483254;59.938578;1.451278;1.410875;0.708780;0.685061;218.000000;0.705430;187.757000;201.878427;150;255
2;M-11934b-x40-05.tif;904;553.769912;652.533186;25.408373;47.920701;1.513490;1.886020;0.530217;0.501224;96.000000;0.847862;131.123000;214.348451;161;255
3;M-11934b-x40-05.tif;1145;566.450655;300.698690;29.509451;51.096643;1.380553;1.731535;0.577522;0.558381;120.000000;0.816375;140.940000;202.923144;92;255
4;M-11934b-x40-05.tif;1403;615.522452;193.409123;39.615475;46.310676;1.198935;1.169005;0.855429;0.832924;101.000000;0.517921;145.389000;195.730577;134;255
5;M-11934b-x40-05.tif;1167;726.103685;549.538989;35.180168;47.305785;1.482850;1.344672;0.743676;0.663976;187.000000;0.668540;147.465000;209.504713;158;255
6;M-11934b-x40-05.tif;1279;838.399531;204.619234;39.979714;46.912261;2.065617;1.173402;0.852223;0.739959;309.000000;0.523178;182.207000;209.544957;31;255
7;M-11934b-x40-05.tif;2996;969.722964;337.504339;55.618687;71.489288;1.457422;1.285347;0.778000;0.746397;248.000000;0.628264;234.244000;203.213284;134;255
8;M-11934b-x40-05.tif;1393;1456.125628;284.618808;37.512067;55.159659;1.911422;1.470451;0.680063;0.582932;356.000000;0.733153;182.919000;209.063891;16;255
