No;Filename;Area;Centroid1;Centroid2;MajorAxisLength;MinorAxisLength;CircularShapeFactor;ElongationA;ElongationB;Roundness;Convex Defficiency;Eccentricity;Perimeter;MeanIntensity;MinIntensity;MaxIntensity
1;M-11822-x40-07.tif;2460;676.920732;560.263008;46.213363;87.833781;2.293142;1.900614;0.526146;0.405996;759.000000;0.850394;266.249000;204.134146;140;255
2;M-11822-x40-07.tif;1229;681.465419;652.454841;35.619578;45.742288;1.429436;1.284189;0.778701;0.747870;125.000000;0.627395;148.581000;199.576892;101;255
3;M-11822-x40-07.tif;802;716.871571;388.609726;27.522366;37.583773;1.042653;1.365572;0.732294;0.722909;35.000000;0.680989;102.509000;196.865337;79;255
4;M-11822-x40-07.tif;1238;729.971729;561.355412;37.024618;46.182134;1.663839;1.247336;0.801709;0.739065;178.000000;0.597715;160.887000;212.463651;161;255
5;M-11822-x40-07.tif;680;858.848529;259.570588;25.771633;34.356545;1.127358;1.333115;0.750123;0.733500;43.000000;0.661298;98.150000;210.714706;116;255
6;M-11822-x40-07.tif;2091;939.085605;222.848876;44.409468;66.847374;1.940367;1.505250;0.664341;0.595793;411.000000;0.747429;225.800000;181.694405;91;255
7;M-11822-x40-07.tif;1722;1097.214286;232.727642;39.690898;56.723490;1.173308;1.429131;0.699726;0.681424;82.000000;0.714411;159.341000;203.900116;150;255
8;M-11822-x40-07.tif;1308;1140.100153;288.967890;37.342478;48.301724;1.479630;1.293479;0.773109;0.713826;155.000000;0.634274;155.950000;204.328746;82;255
