No;Filename;Area;Centroid1;Centroid2;MajorAxisLength;MinorAxisLength;CircularShapeFactor;ElongationA;ElongationB;Roundness;Convex Defficiency;Eccentricity;Perimeter;MeanIntensity;MinIntensity;MaxIntensity
1;M-11822-x40-05.tif;1792;801.118862;425.162946;44.297085;58.848991;1.674321;1.328507;0.752725;0.658825;398.000000;0.658335;194.175000;211.941964;174;255
2;M-11822-x40-05.tif;1230;805.933333;535.139024;33.362484;48.324733;1.167483;1.448475;0.690381;0.670620;63.000000;0.723446;134.333000;201.779675;144;255
3;M-11822-x40-05.tif;3073;862.017247;488.561992;56.998220;71.589843;1.624676;1.256001;0.796177;0.763431;430.000000;0.605063;250.478000;198.619915;128;255
