No;Filename;Area;Centroid1;Centroid2;MajorAxisLength;MinorAxisLength;CircularShapeFactor;ElongationA;ElongationB;Roundness;Convex Defficiency;Eccentricity;Perimeter;MeanIntensity;MinIntensity;MaxIntensity
1;M-11940-x40-03.tif;1056;789.679924;295.668561;30.534502;49.536691;1.402351;1.622319;0.616402;0.547924;142.000000;0.787432;136.416000;216.642992;187;255
2;M-11940-x40-03.tif;1214;860.303954;377.207578;29.186921;59.031921;2.137688;2.022547;0.494426;0.443563;257.000000;0.869220;180.587000;223.883031;194;255
3;M-11940-x40-03.tif;1038;1047.461464;39.968208;24.352186;57.877707;1.641615;2.376695;0.420752;0.394534;137.000000;0.907176;146.332000;218.023121;148;255
4;M-11940-x40-03.tif;1403;1160.931575;63.630791;39.310224;49.548907;1.330161;1.260459;0.793362;0.727612;176.000000;0.608750;153.139000;209.908767;169;255
5;M-11940-x40-03.tif;1146;1474.322862;309.450262;35.208469;42.494021;1.100180;1.206926;0.828551;0.808052;59.000000;0.559913;125.872000;190.061082;62;255
