No;Filename;Area;Centroid1;Centroid2;MajorAxisLength;MinorAxisLength;CircularShapeFactor;ElongationA;ElongationB;Roundness;Convex Defficiency;Eccentricity;Perimeter;MeanIntensity;MinIntensity;MaxIntensity
1;M-11934b-x40-01.tif;2035;519.367568;415.540049;41.591024;65.757627;1.618144;1.581053;0.632490;0.599214;280.000000;0.774569;203.421000;206.204914;127;255
2;M-11934b-x40-01.tif;1338;708.315396;357.668909;33.005641;55.009766;1.376442;1.666678;0.599996;0.562972;122.000000;0.800003;152.129000;181.950673;101;255
3;M-11934b-x40-01.tif;797;702.156838;495.535759;30.806596;41.434767;2.068026;1.344997;0.743496;0.591070;212.000000;0.668740;143.917000;217.589711;182;255
4;M-11934b-x40-01.tif;1096;722.833029;520.126825;32.120400;45.973914;1.452116;1.431300;0.698666;0.660234;130.000000;0.715448;141.420000;216.850365;155;255
5;M-11934b-x40-01.tif;649;922.798151;572.927581;25.963533;31.972614;0.982005;1.231443;0.812055;0.808348;13.000000;0.583580;89.492000;190.419106;48;255
