No;Filename;Area;Centroid1;Centroid2;MajorAxisLength;MinorAxisLength;CircularShapeFactor;ElongationA;ElongationB;Roundness;Convex Defficiency;Eccentricity;Perimeter;MeanIntensity;MinIntensity;MaxIntensity
1;M-11822-x40-11.tif;1243;414.941271;159.783588;25.467827;63.266692;1.399085;2.484181;0.402547;0.395395;63.000000;0.915399;147.830000;185.452936;43;255
2;M-11822-x40-11.tif;1527;571.552063;273.582187;38.966703;53.004244;1.455695;1.360245;0.735162;0.692035;203.000000;0.677892;167.132000;182.281598;25;255
3;M-11822-x40-11.tif;1684;603.140736;431.060570;40.415626;61.611639;1.850809;1.524451;0.655974;0.564842;388.000000;0.754784;197.905000;191.266627;69;255
4;M-11822-x40-11.tif;667;624.742129;542.821589;27.027782;31.839862;1.003411;1.178042;0.848866;0.837710;17.000000;0.528608;91.708000;142.863568;0;255
5;M-11822-x40-11.tif;1446;673.268326;415.409405;40.391744;50.718145;1.629095;1.255656;0.796396;0.715734;232.000000;0.604775;172.053000;200.623790;110;255
6;M-11822-x40-11.tif;1287;774.279720;312.574981;29.873643;59.714432;2.073332;1.998900;0.500275;0.459547;354.000000;0.865867;183.117000;208.670552;164;255
7;M-11822-x40-11.tif;1099;776.877161;378.363057;28.322954;50.545101;1.229612;1.784599;0.560350;0.547709;81.000000;0.828256;130.313000;178.121929;52;255
8;M-11822-x40-11.tif;1257;913.335720;302.085919;35.087478;46.732647;1.221351;1.331890;0.750813;0.732832;79.000000;0.660515;138.897000;194.942721;131;255
