No;Filename;Area;Centroid1;Centroid2;MajorAxisLength;MinorAxisLength;CircularShapeFactor;ElongationA;ElongationB;Roundness;Convex Defficiency;Eccentricity;Perimeter;MeanIntensity;MinIntensity;MaxIntensity
1;M-11830a-x40-06.tif;708;637.652542;611.039548;29.704254;30.939253;1.008545;1.041576;0.960083;0.941724;16.000000;0.279715;94.726000;172.529661;74;255
2;M-11830a-x40-06.tif;504;637.440476;635.946429;22.829716;28.946638;1.168691;1.267937;0.788683;0.765851;29.000000;0.614800;86.034000;185.529762;109;255
3;M-11830a-x40-06.tif;751;849.062583;226.822903;28.225404;34.941019;1.118483;1.237928;0.807801;0.783211;44.000000;0.589455;102.740000;204.447403;148;255
