No;Filename;Area;Centroid1;Centroid2;MajorAxisLength;MinorAxisLength;CircularShapeFactor;ElongationA;ElongationB;Roundness;Convex Defficiency;Eccentricity;Perimeter;MeanIntensity;MinIntensity;MaxIntensity
1;M-11806-x40-02.tif;642;494.869159;325.247664;20.827461;42.777722;1.573378;2.053910;0.486876;0.446694;94.000000;0.873471;112.665000;228.772586;200;255
2;M-11806-x40-02.tif;1751;503.444889;368.027984;39.252655;59.843907;1.827158;1.524582;0.655917;0.622524;219.000000;0.754833;200.510000;232.651057;188;255
3;M-11806-x40-02.tif;1206;547.131012;382.607794;32.554459;54.111476;1.946510;1.662183;0.601618;0.524419;308.000000;0.798784;171.754000;232.079602;211;255
4;M-11806-x40-02.tif;1186;700.681282;485.483980;32.579752;47.303566;1.198586;1.451931;0.688738;0.674850;80.000000;0.725011;133.654000;220.160202;191;255
5;M-11806-x40-02.tif;1654;808.226723;496.342201;42.801036;49.459896;1.061681;1.155577;0.865368;0.860873;65.000000;0.501136;148.549000;216.659008;175;255
6;M-11806-x40-02.tif;869;1250.011507;363.434983;31.251331;42.041839;1.772987;1.345282;0.743339;0.625989;158.000000;0.668915;139.145000;228.125432;204;255
7;M-11806-x40-02.tif;972;1283.258230;333.570988;30.570907;40.940492;1.081900;1.339198;0.746716;0.738364;49.000000;0.665143;114.956000;191.095679;86;255
