No;Filename;Area;Centroid1;Centroid2;MajorAxisLength;MinorAxisLength;CircularShapeFactor;ElongationA;ElongationB;Roundness;Convex Defficiency;Eccentricity;Perimeter;MeanIntensity;MinIntensity;MaxIntensity
1;B-11704-x40-06.tif;672;157.071429;782.836310;24.788137;34.856711;1.025262;1.406185;0.711144;0.704217;20.000000;0.703047;93.048000;0.409879;9.606302e-02;1.283674e+00
2;B-11704-x40-06.tif;763;232.964613;509.355177;27.256948;36.251907;1.096289;1.330006;0.751876;0.739219;36.000000;0.659304;102.525000;0.435469;2.929899e-01;6.268536e-01
3;B-11704-x40-06.tif;1571;1065.713558;237.358370;42.957810;48.062930;1.164804;1.118840;0.893783;0.865896;106.000000;0.448500;151.642000;0.414003;2.404177e-01;9.619207e-01
4;B-11704-x40-06.tif;608;1066.001645;767.879934;24.891716;32.799174;1.130361;1.317674;0.758913;0.719595;37.000000;0.651192;92.932000;0.359092;9.465768e-02;1.256040e+00
5;B-11704-x40-06.tif;882;1093.829932;191.482993;27.793119;42.361155;1.164315;1.524160;0.656099;0.625811;44.000000;0.754675;113.599000;0.380124;2.353533e-01;8.611489e-01
6;B-11704-x40-06.tif;790;1132.453165;246.267089;26.728652;37.777108;1.015890;1.413356;0.707536;0.704823;23.000000;0.706678;100.425000;0.374112;2.546009e-01;8.619841e-01
7;B-11704-x40-06.tif;775;1131.073548;187.516129;26.609631;38.287001;1.176667;1.438840;0.695004;0.673146;51.000000;0.719006;107.049000;0.451688;3.155599e-01;7.003377e-01
