No;Filename;Area;Centroid1;Centroid2;MajorAxisLength;MinorAxisLength;CircularShapeFactor;ElongationA;ElongationB;Roundness;Convex Defficiency;Eccentricity;Perimeter;MeanIntensity;MinIntensity;MaxIntensity
1;B-11865-x40-02.tif;878;406.984055;606.264237;32.983085;34.722769;1.102313;1.052745;0.949898;0.927205;46.000000;0.312560;110.282000;0.553753;3.809110e-01;6.411631e-01
2;B-11865-x40-02.tif;959;1006.064651;31.092805;29.119749;42.577631;1.084276;1.462157;0.683921;0.673544;47.000000;0.729556;114.310000;0.620876;-3.805810e-02;7.832420e-01
