No;Filename;Area;Centroid1;Centroid2;MajorAxisLength;MinorAxisLength;CircularShapeFactor;ElongationA;ElongationB;Roundness;Convex Defficiency;Eccentricity;Perimeter;MeanIntensity;MinIntensity;MaxIntensity
1;B-11704-x40-06.tif;1044;1068.867816;232.880268;32.885064;43.009159;1.243799;1.307863;0.764606;0.718602;93.000000;0.644498;127.741000;0.572688;3.777712e-01;6.981133e-01
2;B-11704-x40-06.tif;834;1095.612710;191.152278;27.058473;41.508412;1.259626;1.534026;0.651879;0.616317;59.000000;0.758323;114.897000;0.582443;2.417960e-01;7.415671e-01
3;B-11704-x40-06.tif;691;1134.557164;246.337192;24.282126;36.447709;1.020416;1.501010;0.666218;0.662289;14.000000;0.745757;94.131000;0.580383;1.326778e-01;6.991613e-01
