No;Filename;Area;Centroid1;Centroid2;MajorAxisLength;MinorAxisLength;CircularShapeFactor;ElongationA;ElongationB;Roundness;Convex Defficiency;Eccentricity;Perimeter;MeanIntensity;MinIntensity;MaxIntensity
1;B-11704-x40-08.tif;718;705.346797;642.572423;26.825417;35.202514;1.063563;1.312282;0.762031;0.737713;29.000000;0.647540;97.960000;208.682451;80;255
2;B-11704-x40-08.tif;657;750.607306;633.260274;24.346305;34.636864;1.044752;1.422674;0.702902;0.697266;29.000000;0.711287;92.874000;223.601218;182;255
3;B-11704-x40-08.tif;669;1039.914798;536.660688;26.313114;33.086012;1.042160;1.257396;0.795294;0.778121;32.000000;0.606224;93.602000;214.846039;156;255
