No;Filename;Area;Centroid1;Centroid2;MajorAxisLength;MinorAxisLength;CircularShapeFactor;ElongationA;ElongationB;Roundness;Convex Defficiency;Eccentricity;Perimeter;MeanIntensity;MinIntensity;MaxIntensity
1;B-11333-x40-08.tif;859;616.690338;793.538999;30.211339;37.529857;1.259510;1.242244;0.804995;0.776514;83.000000;0.593282;116.601000;242.804424;205;255
2;B-11333-x40-08.tif;603;682.595357;68.895522;24.533751;31.602797;1.077711;1.288136;0.776316;0.768735;29.000000;0.630344;90.368000;247.018242;231;255
3;B-11333-x40-08.tif;812;684.834975;749.598522;25.505109;43.489861;1.484695;1.705143;0.586461;0.546626;114.000000;0.809977;123.084000;249.613300;237;255
4;B-11333-x40-08.tif;781;705.893726;785.321383;28.114564;35.732934;1.040674;1.270976;0.786797;0.778796;21.000000;0.617212;101.062000;249.176697;233;255
5;B-11333-x40-08.tif;1246;831.133226;622.808186;30.222604;55.706780;1.466225;1.843216;0.542530;0.511225;125.000000;0.840036;151.518000;248.122793;230;255
6;B-11333-x40-08.tif;933;927.824223;779.763130;28.034773;44.393389;1.568041;1.583512;0.631508;0.602775;101.000000;0.775369;135.589000;245.837085;233;255
7;B-11333-x40-08.tif;720;1013.620833;450.945833;25.747503;37.113743;1.228298;1.441450;0.693746;0.665538;69.000000;0.720220;105.420000;240.386111;170;255
8;B-11333-x40-08.tif;801;1389.143571;562.107366;23.833045;43.341239;1.160573;1.818536;0.549893;0.542925;36.000000;0.835235;108.083000;233.491885;216;255
