No;Filename;Area;Centroid1;Centroid2;MajorAxisLength;MinorAxisLength;CircularShapeFactor;ElongationA;ElongationB;Roundness;Convex Defficiency;Eccentricity;Perimeter;MeanIntensity;MinIntensity;MaxIntensity
1;B-11704-x40-06.tif;790;157.141772;783.416456;26.947807;37.635540;1.063784;1.396609;0.716020;0.710135;23.000000;0.698080;102.765000;0.576067;1.506971e-02;1
2;B-11704-x40-06.tif;1542;243.361219;218.317121;33.578579;62.254396;1.501046;1.853991;0.539377;0.506587;206.000000;0.842065;170.547000;0.500356;0;6.155768e-01
3;B-11704-x40-06.tif;2209;1088.914894;776.320960;46.173772;78.417115;2.532359;1.698304;0.588823;0.457387;704.000000;0.808262;265.134000;0.552845;5.108834e-03;9.880321e-01
4;B-11704-x40-06.tif;2323;1469.932415;771.092122;32.406074;96.408324;1.854127;2.975008;0.336134;0.318222;341.000000;0.941814;232.648000;0.519748;0;6.720542e-01
