No;Filename;Area;Centroid1;Centroid2;MajorAxisLength;MinorAxisLength;CircularShapeFactor;ElongationA;ElongationB;Roundness;Convex Defficiency;Eccentricity;Perimeter;MeanIntensity;MinIntensity;MaxIntensity
1;B-11865-x40-02.tif;857;280.421237;101.882147;29.674755;38.613594;1.315838;1.301227;0.768505;0.731830;81.000000;0.639843;119.041000;246.772462;221;255
2;B-11865-x40-02.tif;856;404.221963;603.735981;32.439146;34.666603;1.167915;1.068666;0.935746;0.906904;53.000000;0.352674;112.085000;245.321262;234;255
3;B-11865-x40-02.tif;1137;461.070361;185.707124;36.074752;42.377783;1.429544;1.174721;0.851266;0.806110;131.000000;0.524735;142.917000;247.003518;230;255
4;B-11865-x40-02.tif;970;1007.925773;29.712371;28.797945;43.407720;1.083810;1.507320;0.663429;0.655463;31.000000;0.748239;114.939000;232.554639;201;255
5;B-11865-x40-02.tif;851;1507.150411;698.954172;28.863531;38.275175;1.214474;1.326074;0.754106;0.739614;69.000000;0.656753;113.963000;248.836663;224;255
