No;Filename;Area;Centroid1;Centroid2;MajorAxisLength;MinorAxisLength;CircularShapeFactor;ElongationA;ElongationB;Roundness;Convex Defficiency;Eccentricity;Perimeter;MeanIntensity;MinIntensity;MaxIntensity
1;B-11704-x40-08.tif;737;705.624152;642.765265;27.352273;35.437671;1.066101;1.295602;0.771842;0.747218;34.000000;0.635815;99.366000;0.614281;-2.129896e-01;9.370210e-01
2;B-11704-x40-08.tif;557;787.590664;506.409336;26.438768;27.430444;1.067689;1.037508;0.963848;0.942540;33.000000;0.266454;86.448000;0.570899;-1.129159e-01;8.594216e-01
3;B-11704-x40-08.tif;538;811.416357;580.360595;24.888201;28.298129;1.069732;1.137010;0.879500;0.855415;24.000000;0.475899;85.042000;0.613736;-1.479703e-01;8.132897e-01
4;B-11704-x40-08.tif;697;1039.954089;536.638451;26.645067;34.058595;1.071140;1.278233;0.782330;0.765049;39.000000;0.622864;96.860000;0.599777;-1.482109e-01;7.911471e-01
