No;Filename;Area;Centroid1;Centroid2;MajorAxisLength;MinorAxisLength;CircularShapeFactor;ElongationA;ElongationB;Roundness;Convex Defficiency;Eccentricity;Perimeter;MeanIntensity;MinIntensity;MaxIntensity
1;B-11704-x40-06.tif;907;157.402426;782.233738;29.220487;39.943036;1.059399;1.366953;0.731554;0.723828;30.000000;0.681784;109.885000;0.703281;0;9.924242e-01
2;B-11704-x40-06.tif;1575;243.365079;218.455873;34.348864;62.473650;1.501407;1.818798;0.549814;0.513803;200.000000;0.835287;172.383000;0.808108;0;9.833333e-01
3;B-11704-x40-06.tif;2821;1470.100319;768.275789;38.685680;96.757150;1.775310;2.501110;0.399822;0.383660;427.000000;0.916593;250.867000;0.765622;0;9.912281e-01
