No;Filename;Area;Centroid1;Centroid2;MajorAxisLength;MinorAxisLength;CircularShapeFactor;ElongationA;ElongationB;Roundness;Convex Defficiency;Eccentricity;Perimeter;MeanIntensity;MinIntensity;MaxIntensity
1;B-11865-x40-03.tif;786;75.816794;249.015267;27.309957;37.169950;1.104061;1.361040;0.734732;0.724350;42.000000;0.678357;104.427000;0.457736;3.002734e-01;1.160566e+00
2;B-11865-x40-03.tif;765;428.541176;579.188235;22.786547;43.055779;1.123273;1.889526;0.529233;0.525422;26.000000;0.848476;103.915000;0.373882;5.616939e-02;8.373629e-01
3;B-11865-x40-03.tif;790;491.169620;611.148101;29.355710;34.918588;1.123670;1.189499;0.840690;0.824943;33.000000;0.541517;105.618000;0.442366;2.663925e-01;1.027611e+00
4;B-11865-x40-03.tif;941;823.926674;433.459086;26.667625;46.364122;1.361940;1.738592;0.575178;0.557360;98.000000;0.818028;126.905000;0.449146;3.093064e-01;6.738311e-01
5;B-11865-x40-03.tif;990;1454.554545;532.089899;26.632690;49.021555;1.333460;1.840654;0.543285;0.524531;65.000000;0.839548;128.799000;0.458863;3.361065e-01;7.940377e-01
