No;Filename;Area;Centroid1;Centroid2;MajorAxisLength;MinorAxisLength;CircularShapeFactor;ElongationA;ElongationB;Roundness;Convex Defficiency;Eccentricity;Perimeter;MeanIntensity;MinIntensity;MaxIntensity
1;B-11865-x40-03.tif;867;72.767013;248.551326;27.609059;40.335143;1.136328;1.460939;0.684491;0.678519;39.000000;0.729021;111.267000;241.424452;208;255
2;B-11865-x40-03.tif;802;429.790524;578.386534;23.576811;43.721144;1.127768;1.854413;0.539254;0.534197;23.000000;0.842143;106.611000;234.861596;151;255
3;B-11865-x40-03.tif;884;492.188914;610.156109;30.975532;36.799019;1.035091;1.188003;0.841749;0.831170;32.000000;0.539869;107.231000;242.653846;200;255
4;B-11865-x40-03.tif;1026;825.115984;432.590643;27.695719;48.045625;1.335884;1.734767;0.576446;0.565913;71.000000;0.817135;131.239000;244.890838;221;255
5;B-11865-x40-03.tif;1033;1453.564376;530.100678;27.132321;50.111535;1.226782;1.846931;0.541439;0.523763;57.000000;0.840740;126.194000;246.319458;231;255
