No;Filename;Area;Centroid1;Centroid2;MajorAxisLength;MinorAxisLength;CircularShapeFactor;ElongationA;ElongationB;Roundness;Convex Defficiency;Eccentricity;Perimeter;MeanIntensity;MinIntensity;MaxIntensity
1;B-11865-x40-03.tif;941;823.926674;433.459086;26.667625;46.364122;1.361940;1.738592;0.575178;0.557360;98.000000;0.818028;126.905000;0.550854;3.261689e-01;6.906936e-01
2;B-11865-x40-03.tif;990;1454.554545;532.089899;26.632690;49.021555;1.333460;1.840654;0.543285;0.524531;65.000000;0.839548;128.799000;0.541137;2.059623e-01;6.638935e-01
