No;Filename;Area;Centroid1;Centroid2;MajorAxisLength;MinorAxisLength;CircularShapeFactor;ElongationA;ElongationB;Roundness;Convex Defficiency;Eccentricity;Perimeter;MeanIntensity;MinIntensity;MaxIntensity
1;B-AA11746-x40-05AA.tif;1682;463.788942;153.979786;41.253546;56.350543;1.533582;1.365956;0.732088;0.674435;191.000000;0.681210;180.041000;0.596938;-3.662849e-01;8.328256e-01
2;B-AA11746-x40-05AA.tif;1877;1166.321257;721.145978;37.549552;64.993431;1.191664;1.730871;0.577744;0.565764;100.000000;0.816218;167.654000;0.616357;-7.630006e-03;8.222825e-01
3;B-AA11746-x40-05AA.tif;1024;1196.893555;738.053711;34.577097;38.375869;1.136095;1.109864;0.901011;0.885306;55.000000;0.433795;120.910000;0.577622;4.782924e-03;8.059405e-01
