No;Filename;Area;Centroid1;Centroid2;MajorAxisLength;MinorAxisLength;CircularShapeFactor;ElongationA;ElongationB;Roundness;Convex Defficiency;Eccentricity;Perimeter;MeanIntensity;MinIntensity;MaxIntensity
1;B-AA11746-x40-05AA.tif;915;416.239344;184.646995;32.688980;37.325975;1.230195;1.141852;0.875770;0.836198;70.000000;0.482728;118.933000;89.715847;37;100
2;B-AA11746-x40-05AA.tif;1430;476.820280;147.473427;42.429791;44.677676;1.513472;1.052979;0.949687;0.912147;164.000000;0.313202;164.915000;94.360839;67;100
3;B-AA11746-x40-05AA.tif;909;585.202420;438.069307;29.653929;39.771515;1.131542;1.341189;0.745607;0.731694;40.000000;0.666386;113.690000;75.656766;0;100
4;B-AA11746-x40-05AA.tif;904;718.957965;447.331858;30.426861;39.373896;1.188534;1.294051;0.772767;0.742441;78.000000;0.634689;116.197000;86.367257;33;100
