No;Filename;Area;Centroid1;Centroid2;MajorAxisLength;MinorAxisLength;CircularShapeFactor;ElongationA;ElongationB;Roundness;Convex Defficiency;Eccentricity;Perimeter;MeanIntensity;MinIntensity;MaxIntensity
1;B-AA11746-x40-05AA.tif;1671;463.504488;154.235189;40.467076;56.383196;1.446684;1.393310;0.717715;0.669248;176.000000;0.696337;174.293000;0.587562;-1.233006e-01;7.779798e-01
2;B-AA11746-x40-05AA.tif;1811;1165.733849;721.733297;37.180008;63.551205;1.171947;1.709284;0.585040;0.570928;108.000000;0.811004;163.312000;0.595097;8.783433e-02;7.486934e-01
3;B-AA11746-x40-05AA.tif;1011;1197.035608;737.955490;34.671817;37.789425;1.115085;1.089918;0.917501;0.901407;52.000000;0.397735;119.024000;0.560102;1.167525e-01;7.469285e-01
